query_id,|V|,|E|,avgD,approx.Treewidth,Nodeconnective,diameter,cluster,max_matching,mvc,maxcut,degree_assort,attr_assort
1,10,10,2.0,2,1,7,0.0,4,5,10,-0.35802469135802595,-0.19760479041916174
2,10,13,2.6,3,1,4,0.0,4,7,13,-0.10852713178294719,-0.08333333333333337
3,10,12,2.4,2,1,4,0.15333333333333332,4,7,10,-0.060465116279069565,-0.1578947368421053
4,10,9,1.8,1,1,9,0.0,4,6,9,-0.12499999999999775,-0.19999999999999998
5,10,9,1.8,1,1,8,0.0,4,5,8,-0.3333333333333347,-0.26562500000000006
6,10,9,1.8,1,1,8,0.0,4,5,9,-0.6666666666666665,-0.208955223880597
7,10,9,1.8,1,1,8,0.0,4,6,8,-0.3333333333333347,-0.13286713286713286
8,10,10,2.0,2,1,5,0.13999999999999999,3,5,9,-0.5288220551378447,-0.0322580645161291
9,10,10,2.0,2,1,8,0.16666666666666666,4,6,9,0.16666666666666533,-0.09756097560975616
10,10,9,1.8,1,1,7,0.0,3,4,8,-0.4651162790697679,-0.24137931034482754
11,10,9,1.8,1,1,7,0.0,4,6,8,-0.4651162790697679,-0.22727272727272724
12,10,10,2.0,2,1,7,0.0,4,6,9,-0.35802469135802595,-0.29032258064516137
13,10,11,2.2,2,1,8,0.26666666666666666,4,7,10,0.4358974358974363,-0.06796116504854369
14,10,10,2.0,2,1,8,0.16666666666666666,4,7,9,0.16666666666666533,0.047619047619047596
15,10,15,3.0,3,1,4,0.4833333333333333,5,8,12,-0.04519774011299431,-0.0684931506849315
16,10,9,1.8,1,1,9,0.0,4,6,8,-0.12499999999999775,-0.19999999999999998
17,10,13,2.6,3,1,4,0.22999999999999998,4,7,11,0.061371841155234474,-0.0514705882352941
18,10,11,2.2,2,1,4,0.0,3,5,10,-0.6041666666666664,-0.21546961325966849
19,10,10,2.0,2,1,6,0.0,4,5,9,-0.3888888888888899,-0.25000000000000006
20,10,11,2.2,2,1,6,0.15,4,8,10,-0.035294117647058476,0.0246305418719212
21,10,11,2.2,2,1,6,0.08333333333333333,4,6,10,0.08333333333333319,-0.041420118343195284
22,10,10,2.0,2,1,7,0.16666666666666666,4,6,9,-0.5686274509803901,0.012345679012345623
23,10,10,2.0,2,1,8,0.0,4,7,9,-0.05263157894737167,-0.19760479041916174
24,10,9,1.8,1,1,9,0.0,5,6,7,-0.12499999999999775,-0.06666666666666671
25,10,10,2.0,2,1,7,0.0,4,7,9,-0.11111111111111223,-0.25000000000000006
26,10,10,2.0,2,1,7,0.0,4,6,10,-0.35802469135802595,-0.06508875739644973
27,10,9,1.8,1,1,8,0.0,4,7,9,-0.3333333333333347,-0.208955223880597
28,10,11,2.2,2,1,7,0.3,4,6,10,-0.035294117647058476,-0.14691943127962087
29,10,10,2.0,2,1,8,0.23333333333333334,5,7,8,-0.05263157894737167,-0.07784431137724555
30,10,9,1.8,1,1,7,0.0,4,8,9,-0.636363636363637,0.007874015748031461
31,10,11,2.2,2,1,6,0.2533333333333333,4,7,9,-0.3531746031746037,-0.15183246073298434
32,10,10,2.0,2,1,6,0.0,4,6,9,-0.61904761904762,0.0789473684210526
33,10,11,2.2,2,1,8,0.2,4,6,9,0.365384615384618,-0.11111111111111112
34,10,9,1.8,1,1,9,0.0,5,7,8,-0.12499999999999775,-0.11724137931034483
35,10,9,1.8,1,1,7,0.0,3,4,9,-0.4651162790697679,-0.15199999999999994
36,10,9,1.8,1,1,9,0.0,4,6,8,-0.12499999999999775,-0.16546762589928055
37,10,12,2.4,2,1,6,0.33333333333333337,4,7,9,-0.02127659574468251,-0.18032786885245913
38,10,10,2.0,2,1,7,0.15,4,5,9,-0.38297872340425554,-0.19047619047619052
39,10,9,1.8,1,1,9,0.0,4,7,7,-0.12499999999999775,-0.14893617021276595
40,10,10,2.0,2,1,6,0.15,4,6,9,-0.5238095238095235,-0.15606936416184974
41,10,9,1.8,1,1,8,0.0,4,7,9,-0.6666666666666665,-0.11627906976744189
42,10,9,1.8,1,1,8,0.0,4,6,8,-0.6666666666666665,-0.17391304347826086
43,10,15,3.0,3,1,3,0.40714285714285714,4,6,11,-0.38855054811205825,-0.13513513513513514
44,10,11,2.2,2,1,7,0.19999999999999998,4,7,9,0.30158730158730285,-0.18048780487804877
45,10,9,1.8,1,1,9,0.0,4,6,9,-0.12499999999999775,-0.18248175182481752
46,10,13,2.6,3,1,4,0.20999999999999996,3,5,12,-0.20435967302452315,-0.2426470588235294
47,10,10,2.0,2,1,7,0.1,4,6,9,0.21568627450980304,-0.12994350282485878
48,10,13,2.6,2,1,4,0.38,4,7,11,-0.3122065727699533,-0.27067669172932307
49,10,10,2.0,2,1,7,0.0,4,8,10,-0.3888888888888899,-0.0322580645161291
50,10,12,2.4,2,1,5,0.22000000000000003,4,7,11,-0.11111111111111076,-0.12340425531914898
51,10,11,2.2,2,1,6,0.24999999999999994,5,6,9,0.19791666666666663,-0.19565217391304354
52,10,11,2.2,2,1,7,0.23333333333333334,4,6,10,0.19791666666666663,-0.11675126903553297
53,10,11,2.2,2,1,6,0.0,4,7,10,-0.0476190476190468,-0.14691943127962087
54,10,12,2.4,2,1,6,0.4,4,6,9,-0.45454545454545253,-0.1379310344827586
55,10,11,2.2,2,1,8,0.26666666666666666,4,8,9,0.4358974358974363,-0.15789473684210525
56,10,9,1.8,1,1,7,0.0,4,7,9,-0.4318181818181821,-0.06666666666666667
57,10,9,1.8,1,1,9,0.0,4,6,9,-0.12499999999999775,-0.23664122137404575
58,10,9,1.8,1,1,6,0.0,4,7,9,-0.5254237288135581,-0.18248175182481755
59,10,11,2.2,2,1,5,0.0,3,5,9,-0.7600000000000001,-0.17475728155339806
60,10,10,2.0,2,1,6,0.16666666666666666,3,5,9,-0.8095238095238106,-0.17647058823529416
61,10,9,1.8,1,1,9,0.0,4,6,9,-0.12499999999999775,-0.11724137931034483
62,10,10,2.0,2,1,8,0.16666666666666666,4,6,9,0.16666666666666533,-0.20481927710843378
63,10,10,2.0,2,1,6,0.0,4,7,8,-0.11111111111111223,-0.26582278481012667
64,10,10,2.0,2,1,8,0.23333333333333334,4,6,9,-0.05263157894737167,-0.18343195266272194
65,10,9,1.8,1,1,9,0.0,5,8,7,-0.12499999999999775,-0.20000000000000004
66,10,11,2.2,2,1,5,0.18333333333333332,3,5,9,-0.18279569892473072,-0.08910891089108912
67,10,9,1.8,1,1,7,0.0,4,7,8,-0.22727272727272738,0.14960629921259844
68,10,9,1.8,1,1,8,0.0,4,7,9,-0.3333333333333347,-0.17391304347826086
69,10,11,2.2,2,1,5,0.0,5,8,10,0.15384615384615527,-0.16346153846153846
70,10,11,2.2,2,1,5,0.24,3,5,10,-0.4879227053140095,-0.11235955056179776
71,10,9,1.8,1,1,8,0.0,4,7,8,-0.6666666666666665,0.08695652173913043
72,10,13,2.6,2,1,6,0.5666666666666668,3,6,11,-0.42682926829268575,-0.14965986394557826
73,10,12,2.4,2,1,5,0.29999999999999993,3,6,10,-0.25874125874125836,-0.152
74,10,10,2.0,2,1,7,0.0,4,7,10,-0.3888888888888899,-0.14942528735632185
75,10,9,1.8,1,1,9,0.0,4,8,8,-0.12499999999999775,-0.21804511278195488
76,10,10,2.0,2,1,8,0.16666666666666666,3,6,8,0.16666666666666533,-0.11801242236024846
77,10,10,2.0,2,1,6,0.23333333333333334,4,6,9,-0.8085106382978715,-3.469446951953614e-17
78,10,13,2.6,3,1,7,0.31666666666666665,4,7,11,0.535714285714285,-0.12230215827338131
79,10,10,2.0,2,1,7,0.0,4,8,9,-0.11111111111111223,-0.16279069767441862
80,10,10,2.0,2,1,8,0.23333333333333334,3,6,9,-0.05263157894737167,-0.15606936416184972
81,10,9,1.8,1,1,8,0.0,4,6,8,-0.3333333333333347,-0.21804511278195488
82,10,10,2.0,2,1,8,0.0,4,7,10,-0.3888888888888899,-0.19760479041916157
83,10,12,2.4,2,1,5,0.16666666666666666,5,7,11,0.08695652173912707,-0.07755102040816331
84,10,11,2.2,2,1,5,0.15,4,6,10,-0.25714285714285884,-0.19801980198019814
85,10,9,1.8,1,1,8,0.0,3,6,8,-0.6666666666666665,-0.17391304347826086
86,10,13,2.6,2,1,5,0.22000000000000003,4,7,12,-0.18750000000000017,-0.19434628975265023
87,10,14,2.8,3,1,3,0.37,3,5,11,-0.43589743589743507,-0.17365269461077845
88,10,9,1.8,1,1,9,0.0,4,7,7,-0.12499999999999775,-0.18248175182481752
89,10,9,1.8,1,1,7,0.0,3,6,8,-0.4651162790697679,0.0
90,10,9,1.8,1,1,8,0.0,4,6,8,-0.3333333333333347,-0.17391304347826086
91,10,11,2.2,2,1,6,0.31666666666666665,3,5,9,-0.4666666666666675,-0.11675126903553297
92,10,9,1.8,1,1,9,0.0,4,8,7,-0.12499999999999775,-0.14893617021276595
93,10,10,2.0,2,1,5,0.07666666666666666,4,5,9,-0.2962962962962967,-0.21951219512195125
94,10,13,2.6,3,1,6,0.21666666666666665,4,6,11,0.39534883720930125,-0.1575342465753424
95,10,9,1.8,1,1,8,0.0,4,7,8,-0.3333333333333347,-0.16546762589928055
96,10,9,1.8,1,1,8,0.0,5,8,8,-0.3333333333333347,-0.043478260869565216
97,10,10,2.0,2,2,5,0.0,4,7,10,nan,-0.07142857142857147
98,10,9,1.8,1,1,6,0.0,3,5,8,-0.5299999999999999,-0.22727272727272735
99,10,10,2.0,2,1,8,0.2333333333333333,4,7,9,-0.05263157894737167,-0.18343195266272194
100,10,10,2.0,2,1,7,0.0,5,9,9,-0.17647058823529554,0.030303030303030297
101,10,10,2.0,2,1,7,0.0,4,6,10,-0.17647058823529554,-0.06508875739644973
102,10,12,2.4,3,1,6,0.13333333333333333,4,7,11,0.16083916083916022,-0.1612903225806452
103,10,13,2.6,3,1,4,0.2933333333333333,3,6,11,-0.20370370370370375,-0.18181818181818182
104,10,11,2.2,2,1,5,0.21666666666666665,5,8,10,-0.14583333333333376,-0.07317073170731707
105,10,13,2.6,3,1,5,0.12,4,6,12,-0.0699588477366259,-0.0985915492957747
106,10,12,2.4,2,1,5,0.0,5,9,11,-0.04347826086956842,-0.07317073170731711
107,10,10,2.0,2,1,7,0.0,4,7,10,-0.3888888888888899,-0.07784431137724555
108,10,14,2.8,3,1,4,0.48,4,7,11,-0.039301310043666854,-0.1097560975609756
109,10,10,2.0,2,1,7,0.0,5,7,9,0.16666666666666533,-0.012658227848101207
110,10,11,2.2,2,1,6,0.16666666666666666,5,8,10,-0.05769230769230891,-0.08910891089108912
111,10,13,2.6,3,1,6,0.21666666666666665,4,7,11,0.19999999999999943,-0.12156862745098043
112,10,10,2.0,2,1,7,0.2333333333333333,4,6,8,-0.6666666666666623,-0.11111111111111119
113,10,10,2.0,2,1,7,0.16666666666666666,3,5,9,-0.37254901960784753,-0.2195121951219513
114,10,10,2.0,2,1,7,0.15,4,8,9,-0.17021276595744744,-0.13636363636363638
115,10,13,2.6,2,1,4,0.36,4,6,11,-0.29723991507431036,-0.1908396946564886
116,10,10,2.0,2,1,6,0.15,4,7,9,-0.4285714285714291,-0.19047619047619052
117,10,9,1.8,1,1,8,0.0,4,7,7,-0.6666666666666665,-0.19117647058823528
118,10,9,1.8,1,1,7,0.0,4,4,9,-0.4651162790697679,-0.19008264462809912
119,10,12,2.4,2,1,5,0.16666666666666666,4,7,10,-0.27659574468085,-0.07755102040816331
120,10,9,1.8,1,1,8,0.0,4,7,7,-0.6666666666666665,-0.19117647058823528
121,10,11,2.2,2,1,7,0.2333333333333333,5,7,10,0.19791666666666663,-0.09999999999999996
122,10,15,3.0,3,1,5,0.44333333333333325,4,7,12,-0.2996389891696749,-0.11702127659574468
123,10,10,2.0,2,1,5,0.14333333333333334,3,5,9,-0.5740740740740737,-0.25000000000000006
124,10,13,2.6,2,1,5,0.55,4,6,9,-0.23076923076923156,-0.06122448979591837
125,10,11,2.2,2,1,7,0.0,5,8,11,0.15384615384615527,-0.24102564102564117
126,10,11,2.2,2,1,6,0.0,4,7,11,0.15384615384615527,-0.042105263157894736
127,10,9,1.8,1,1,9,0.0,4,5,9,-0.12499999999999775,-0.051094890510948905
128,10,9,1.8,1,1,8,0.0,4,6,9,-0.3333333333333347,-0.058823529411764705
129,10,9,1.8,1,1,7,0.0,5,7,8,-0.22727272727272738,-0.15200000000000002
130,10,9,1.8,1,1,8,0.0,3,6,8,-0.3333333333333347,-0.17391304347826086
131,10,10,2.0,2,1,7,0.0,4,6,10,0.16666666666666533,0.05882352941176469
132,10,9,1.8,1,1,7,0.0,4,7,8,-0.636363636363637,-0.051094890510948905
133,10,9,1.8,1,1,8,0.0,4,7,9,-0.3333333333333347,0.05970149253731343
134,10,11,2.2,2,1,7,0.23333333333333334,4,7,9,-0.031249999999999264,-0.07843137254901957
135,10,9,1.8,1,1,7,0.0,4,8,9,-0.4318181818181821,-0.1824817518248175
136,10,10,2.0,2,1,6,0.23333333333333334,4,6,9,0.16666666666666533,-0.19760479041916174
137,10,9,1.8,1,1,9,0.0,5,6,8,-0.12499999999999775,-0.19999999999999998
138,10,13,2.6,3,1,6,0.0,5,8,13,0.40229885057471054,0.05797101449275365
139,10,11,2.2,2,1,7,0.3666666666666667,3,6,9,-0.035294117647058476,-0.09452736318407962
140,10,9,1.8,1,1,7,0.0,4,6,9,-0.636363636363637,-0.1571428571428571
141,10,13,2.6,2,1,5,0.32999999999999996,4,6,10,-0.056910569105691124,-0.21582733812949642
142,10,12,2.4,3,1,5,0.0,4,6,11,-0.3333333333333323,-0.05726872246696036
143,10,10,2.0,2,1,6,0.14333333333333334,2,4,8,-0.42180094786729727,-0.14649681528662425
144,10,15,3.0,3,1,4,0.35,4,7,12,0.03225806451612758,-0.3432835820895523
145,10,9,1.8,1,1,6,0.0,2,4,7,-0.45454545454545564,-0.03597122302158276
146,10,9,1.8,1,1,6,0.0,3,4,9,-0.6649999999999998,0.0
147,10,9,1.8,1,1,9,0.0,4,7,9,-0.12499999999999775,-0.09923664122137407
148,10,9,1.8,1,1,8,0.0,4,6,7,-0.6666666666666665,-0.058823529411764705
149,10,13,2.6,2,1,4,0.31333333333333335,4,7,11,-0.3140794223826715,-0.16955017301038064
150,10,9,1.8,1,1,9,0.0,4,7,8,-0.12499999999999775,-0.27559055118110243
151,10,9,1.8,1,1,7,0.0,4,6,9,-0.636363636363637,0.10743801652892558
152,10,10,2.0,2,1,7,0.21666666666666665,5,9,8,-0.35802469135802595,-0.16959064327485382
153,10,9,1.8,1,1,6,0.0,4,7,8,-0.5454545454545465,-0.07462686567164178
154,10,11,2.2,2,1,7,0.25,4,7,10,-0.031249999999999264,-0.16346153846153846
155,10,9,1.8,1,1,8,0.0,4,7,9,-0.6666666666666665,-0.208955223880597
156,10,13,2.6,2,2,4,0.21999999999999997,4,7,11,-0.2560386473429961,-0.02508960573476702
157,10,9,1.8,1,1,8,0.0,5,7,8,-0.3333333333333347,-0.058823529411764705
158,10,13,2.6,2,1,5,0.2033333333333333,4,7,12,-0.17695473251028848,-0.10000000000000002
159,10,11,2.2,2,1,6,0.15,3,5,9,-0.3750000000000002,-0.052631578947368404
160,10,11,2.2,2,1,6,0.3166666666666667,3,6,9,-0.25714285714285884,-0.17647058823529427
161,10,10,2.0,2,1,7,0.2333333333333333,4,7,8,-0.6666666666666623,-0.21951219512195125
162,10,9,1.8,1,1,9,0.0,5,7,8,-0.12499999999999775,-0.16546762589928055
163,10,12,2.4,2,1,7,0.4333333333333334,5,8,9,-0.27659574468085,-0.07755102040816331
164,10,10,2.0,2,1,5,0.0,4,5,9,-0.11111111111111223,-0.17647058823529416
165,10,11,2.2,2,1,7,0.1,4,6,10,0.36538461538461864,-0.19211822660098524
166,10,12,2.4,3,1,7,0.16666666666666666,4,7,10,0.347826086956521,-0.11392405063291133
167,10,10,2.0,2,1,6,0.2166666666666667,4,7,9,-0.17021276595744786,-0.20000000000000007
168,10,9,1.8,1,1,9,0.0,4,8,8,-0.12499999999999775,-0.18248175182481752
169,10,10,2.0,2,1,8,0.16666666666666666,4,6,9,0.16666666666666533,-0.20481927710843378
170,10,10,2.0,2,1,8,0.16666666666666666,4,7,8,0.16666666666666533,-0.15384615384615377
171,10,13,2.6,3,1,4,0.2166666666666667,4,6,12,-0.3100775193798466,-0.021428571428571436
172,10,10,2.0,2,1,7,0.23333333333333334,4,6,9,-0.3888888888888899,-0.27659574468085113
173,10,11,2.2,2,1,8,0.26666666666666666,4,6,9,0.4358974358974363,-0.0050761421319796786
174,10,18,3.6,3,1,3,0.5947619047619048,4,7,13,-0.22448979591836812,-0.12293577981651374
175,10,10,2.0,2,1,7,0.15,3,6,9,-0.17021276595744744,-0.14649681528662428
176,10,15,3.0,3,1,5,0.5,5,8,13,-0.16129032258064505,-0.06267029972752039
177,10,11,2.2,2,1,7,0.2,4,7,10,0.30158730158730285,-0.134020618556701
178,10,9,1.8,1,1,8,0.0,4,7,9,-0.3333333333333347,-0.1408450704225352
179,10,9,1.8,1,1,8,0.0,4,5,8,-0.6666666666666665,0.08029197080291971
180,10,10,2.0,2,1,6,0.0,4,7,10,-0.17647058823529554,-0.18343195266272194
181,10,9,1.8,1,1,7,0.0,3,5,9,-0.22727272727272738,-0.10769230769230768
182,10,11,2.2,2,1,3,0.1380952380952381,3,5,10,-0.6366237482117312,-0.2359550561797753
183,10,9,1.8,1,1,8,0.0,3,5,8,-0.6666666666666665,-0.208955223880597
184,10,10,2.0,2,1,8,0.16666666666666666,4,7,8,0.16666666666666533,-0.14649681528662414
185,10,9,1.8,1,1,8,0.0,4,6,9,-0.3333333333333347,0.00787401574803153
186,10,9,1.8,1,1,7,0.0,3,6,8,-0.6744186046511633,0.030769230769230767
187,10,14,2.8,2,1,4,0.4533333333333334,4,7,11,-0.10043668122271016,0.005917159763313616
188,10,9,1.8,1,1,5,0.0,3,4,9,-0.6521739130434782,-0.24615384615384614
189,10,9,1.8,1,1,8,0.0,3,6,7,-0.3333333333333347,-0.1408450704225352
190,10,12,2.4,2,1,4,0.16666666666666666,4,8,11,-0.27659574468085,-0.06451612903225808
191,10,9,1.8,1,1,9,0.0,4,7,8,-0.12499999999999775,-0.18248175182481752
192,10,10,2.0,2,1,6,0.0,4,7,10,-0.11111111111111223,-0.23456790123456794
193,10,10,2.0,2,1,7,0.0,5,8,10,0.16666666666666533,-0.16279069767441862
194,10,10,2.0,2,1,7,0.1,4,7,9,0.019607843137254024,-0.1320754716981131
195,10,9,1.8,1,1,6,0.0,3,5,9,-0.45454545454545564,-0.19117647058823528
196,10,17,3.4,3,1,3,0.6619047619047619,4,7,12,-0.46399406087602213,-0.07368421052631577
197,10,9,1.8,1,1,9,0.0,4,8,8,-0.12499999999999775,-0.1571428571428571
198,10,10,2.0,2,1,7,0.2166666666666667,3,5,8,-0.35802469135802595,-0.16279069767441862
199,10,10,2.0,2,1,6,0.0,4,5,9,-0.7647058823529396,-0.09756097560975616
200,10,10,2.0,2,1,5,0.2333333333333333,3,5,9,-0.6587677725118487,-0.05960264900662249
201,10,9,1.8,1,1,8,0.0,4,6,8,-0.3333333333333347,-0.05109489051094887
202,10,12,2.4,3,1,5,0.16666666666666666,3,5,10,-0.6666666666666665,-0.09543568464730297
203,10,9,1.8,1,1,9,0.0,4,7,9,-0.12499999999999775,-0.035971223021582746
204,10,11,2.2,2,1,7,0.16666666666666666,4,6,10,-0.269230769230769,-0.20218579234972678
205,10,13,2.6,3,1,5,0.0,4,7,13,0.09302325581395324,-0.05405405405405406
206,10,10,2.0,2,1,7,0.16666666666666666,4,7,9,-0.37254901960784753,-0.16279069767441862
207,10,11,2.2,2,1,5,0.13333333333333333,4,7,10,0.12000000000000077,-0.15789473684210525
208,10,9,1.8,1,1,8,0.0,4,6,9,-0.3333333333333347,-0.1408450704225352
209,10,9,1.8,1,1,8,0.0,5,8,7,-0.3333333333333347,-0.22727272727272724
210,10,13,2.6,3,1,4,0.22666666666666666,3,6,11,-0.2566666666666675,-0.11032028469750889
211,10,14,2.8,2,1,4,0.27999999999999997,4,7,12,-0.3333333333333341,-0.12
212,10,9,1.8,1,1,9,0.0,4,7,7,-0.12499999999999775,-0.14893617021276595
213,10,9,1.8,1,1,8,0.0,4,7,8,-0.3333333333333347,-0.22033898305084745
214,10,11,2.2,2,1,5,0.0,4,7,10,-0.3749999999999998,-0.15789473684210523
215,10,10,2.0,2,1,6,0.0,4,7,9,-0.11111111111111223,-0.17647058823529416
216,10,9,1.8,1,1,6,0.0,5,8,9,-0.25581395348837244,-0.16546762589928055
217,10,10,2.0,2,1,6,0.0,4,6,10,0.01960784313725423,-0.19047619047619052
218,10,9,1.8,1,1,7,0.0,3,6,8,-0.636363636363637,-0.17391304347826086
219,10,9,1.8,1,1,9,0.0,5,7,9,-0.12499999999999775,0.08029197080291971
220,10,11,2.2,2,1,5,0.15,3,5,10,-0.3619047619047627,-0.16908212560386476
221,10,11,2.2,2,1,4,0.19666666666666666,4,7,9,-0.4752186588921288,-0.13402061855670103
222,10,10,2.0,2,1,7,0.0,5,6,9,0.16666666666666533,-0.13924050632911394
223,10,9,1.8,1,1,9,0.0,4,6,7,-0.12499999999999775,0.06666666666666667
224,10,11,2.2,2,1,6,0.2333333333333333,4,7,10,-0.4807692307692313,-0.2604166666666667
225,10,10,2.0,2,1,6,0.0,4,5,8,-0.48936170212766106,-0.08433734939759041
226,10,12,2.4,2,1,5,0.27666666666666667,4,7,10,-0.3333333333333324,-0.09090909090909095
227,10,9,1.8,1,1,9,0.0,5,8,9,-0.12499999999999775,-0.08270676691729323
228,10,11,2.2,2,1,6,0.15,4,6,10,-0.035294117647058476,-0.07317073170731707
229,10,9,1.8,1,1,9,0.0,4,7,9,-0.12499999999999775,-0.03597122302158273
230,10,10,2.0,2,1,8,0.16666666666666666,4,6,9,-0.11111111111111223,-0.03896103896103896
231,10,9,1.8,1,1,9,0.0,4,7,8,-0.12499999999999775,-0.13286713286713286
232,10,9,1.8,1,1,7,0.0,4,7,8,-0.4318181818181821,0.0
233,10,11,2.2,2,1,7,0.25,4,6,10,-0.031249999999999264,-0.09452736318407959
234,10,11,2.2,2,1,6,0.1,5,8,10,-0.05769230769230891,-0.06796116504854369
235,10,11,2.2,2,1,6,0.1,5,7,10,0.1538461538461559,0.005649717514124275
236,10,13,2.6,3,1,4,0.2033333333333333,4,7,11,-0.03781512605042045,-0.23809523809523814
237,10,13,2.6,3,1,5,0.30999999999999994,4,7,11,-0.23045267489711957,-0.0684931506849315
238,10,12,2.4,3,1,4,0.0,5,7,12,-0.11627906976744062,-0.1092436974789916
239,10,9,1.8,1,1,7,0.0,4,7,9,-0.22727272727272738,-0.07462686567164178
240,10,11,2.2,2,1,7,0.36666666666666664,4,7,9,-0.035294117647058476,0.024630541871921166
241,10,12,2.4,2,1,6,0.4666666666666667,4,7,10,-0.30434782608695665,-0.1707317073170732
242,10,9,1.8,1,1,8,0.0,3,6,9,-0.6666666666666665,-0.17391304347826086
243,10,18,3.6,4,1,4,0.5066666666666667,4,7,13,-0.14007308160779486,-0.14392523364485982
244,10,11,2.2,2,1,5,0.15,3,6,10,-0.4895833333333356,-0.11111111111111112
245,10,12,2.4,2,1,5,0.45,4,7,9,-0.628571428571428,-0.10924369747899165
246,10,9,1.8,1,1,7,0.0,4,7,9,-0.4318181818181819,-0.043478260869565216
247,10,10,2.0,2,1,8,0.16666666666666666,4,7,9,-0.11111111111111223,0.03614457831325301
248,10,9,1.8,1,1,8,0.0,5,8,8,-0.3333333333333347,-0.1571428571428571
249,10,15,3.0,3,1,5,0.4333333333333333,3,5,12,0.019963702359346264,-0.15384615384615385
250,10,9,1.8,1,1,8,0.0,4,6,9,-0.3333333333333347,-0.2461538461538461
251,10,11,2.2,2,1,5,0.16666666666666666,4,7,9,-0.05769230769230891,-0.16908212560386476
252,10,13,2.6,2,1,6,0.4666666666666666,4,7,11,0.07692307692307634,-0.06319702602230481
253,10,9,1.8,1,1,8,0.0,4,6,9,-0.3333333333333347,-0.10769230769230768
254,10,10,2.0,2,1,7,0.1,5,7,8,0.21568627450980304,-0.19760479041916174
255,10,9,1.8,1,1,9,0.0,5,7,9,-0.12499999999999775,-0.008000000000000035
256,10,12,2.4,2,1,6,0.2333333333333333,4,6,9,-0.04347826086956842,-0.13833992094861663
257,10,10,2.0,2,1,8,0.23333333333333334,5,7,9,-0.05263157894737167,-0.27388535031847117
258,10,12,2.4,2,1,5,0.08333333333333333,4,6,11,-0.09090909090909019,-0.18518518518518523
259,10,10,2.0,2,1,8,0.16666666666666666,4,8,9,0.16666666666666533,-0.1249999999999999
260,10,9,1.8,1,1,8,0.0,4,7,9,-0.3333333333333347,-0.043478260869565216
261,10,9,1.8,1,1,8,0.0,4,7,9,-0.6666666666666665,-0.265625
262,10,11,2.2,2,1,7,0.23333333333333334,4,5,10,0.08333333333333319,0.005025125628140686
263,10,11,2.2,2,1,6,0.0,4,7,10,-0.37499999999999944,-0.12820512820512833
264,10,19,3.8,4,1,5,0.44000000000000006,4,6,15,0.40624999999999845,-0.10679611650485435
265,10,11,2.2,2,1,7,0.1,4,6,10,0.1538461538461559,-0.11235955056179776
266,10,11,2.2,2,1,6,0.2533333333333333,3,4,9,-0.39682539682539725,-0.18279569892473116
267,10,13,2.6,2,1,4,0.12666666666666668,3,5,11,-0.21052631578947448,-0.07216494845360827
268,10,11,2.2,2,1,6,0.0,4,7,10,-0.4807692307692313,-0.19801980198019806
269,10,10,2.0,2,1,7,0.0,4,6,9,0.16666666666666533,-0.2738853503184714
270,10,9,1.8,1,1,9,0.0,5,7,8,-0.12499999999999775,-0.06666666666666671
271,10,11,2.2,2,1,7,0.26666666666666666,3,5,9,-0.1956521739130433,-0.16908212560386476
272,10,10,2.0,2,1,8,0.16666666666666666,4,7,9,-0.11111111111111223,-0.09090909090909093
273,10,13,2.6,3,1,4,0.11666666666666665,4,6,12,-0.11055276381909383,-0.0985915492957747
274,10,10,2.0,2,1,7,0.0,4,6,9,-0.11111111111111223,0.0277777777777778
275,10,11,2.2,2,1,8,0.26666666666666666,5,7,9,0.4358974358974363,-0.22222222222222232
276,10,9,1.8,1,1,8,0.0,4,6,8,-0.6666666666666665,-0.10769230769230768
277,10,9,1.8,1,1,7,0.0,4,6,8,-0.8409090909090922,-0.16546762589928055
278,10,9,1.8,1,1,9,0.0,5,8,8,-0.12499999999999775,-0.08270676691729323
279,10,9,1.8,1,1,6,0.0,3,5,8,-0.5299999999999999,-0.18248175182481755
280,10,11,2.2,2,1,5,0.0,4,7,11,-0.1647058823529409,-0.20398009950248755
281,10,10,2.0,2,1,7,0.1,4,8,9,0.019607843137254024,-0.19760479041916174
282,10,9,1.8,1,1,8,0.0,4,6,8,-0.3333333333333347,-0.208955223880597
283,10,10,2.0,2,1,5,0.2166666666666667,3,5,8,-0.805555555555556,-0.07142857142857147
284,10,10,2.0,2,1,6,0.2333333333333333,4,7,9,-0.5686274509803901,-0.12500000000000006
285,10,9,1.8,1,1,8,0.0,4,6,9,-0.3333333333333347,0.038167938931297704
286,10,13,2.6,2,1,5,0.39,5,8,11,-0.0699588477366259,-0.18596491228070178
287,10,12,2.4,2,1,5,0.13333333333333333,4,7,11,0.22857142857142831,-0.18518518518518517
288,10,10,2.0,2,1,6,0.0,4,7,10,-0.3888888888888899,-0.18343195266272194
289,10,9,1.8,1,1,9,0.0,4,7,9,-0.12499999999999775,-0.16546762589928055
290,10,10,2.0,2,1,5,0.12666666666666665,3,4,9,-0.4859437751004021,-0.16959064327485382
291,10,9,1.8,1,1,9,0.0,4,6,8,-0.12499999999999775,-0.16546762589928055
292,10,9,1.8,1,1,9,0.0,4,6,9,-0.12499999999999775,-0.14893617021276595
293,10,17,3.4,3,1,3,0.4999999999999999,4,6,12,-0.035532994923857926,-0.16532258064516125
294,10,11,2.2,2,1,7,0.16666666666666666,4,7,9,0.05714285714285705,-0.19211822660098524
295,10,10,2.0,2,1,5,0.21666666666666665,3,5,9,-0.3829787234042556,-0.1034482758620689
296,10,10,2.0,2,1,7,0.16666666666666666,4,6,9,-0.37254901960784753,-0.19047619047619052
297,10,10,2.0,2,1,7,0.0,5,8,9,-0.05263157894737167,-0.06508875739644973
298,10,11,2.2,2,1,5,0.2333333333333333,3,6,10,-0.29411764705882293,-0.08374384236453204
299,10,9,1.8,1,1,7,0.0,4,5,8,-0.4651162790697679,-0.07462686567164178
300,10,11,2.2,2,1,6,0.3333333333333333,4,7,9,-0.3968253968253999,-0.19801980198019803
301,10,15,3.0,3,1,5,0.6166666666666667,3,6,11,-0.1111111111111132,-0.10817941952506599
302,10,10,2.0,2,1,7,0.16666666666666666,4,7,8,-0.17647058823529554,-0.20481927710843378
303,10,15,3.0,3,1,4,0.37,4,6,12,-0.13146551724138023,-0.15384615384615383
304,10,9,1.8,1,1,7,0.0,3,5,9,-0.4318181818181821,-0.29600000000000004
305,10,10,2.0,2,1,6,0.0,3,5,10,-0.38297872340425554,-0.19760479041916174
306,10,10,2.0,2,1,5,0.0,5,7,8,-0.2765957446808521,-0.20000000000000007
307,10,11,2.2,2,1,7,0.33333333333333337,4,6,9,-0.269230769230769,-0.15238095238095245
308,10,12,2.4,2,1,4,0.2833333333333333,4,6,9,-0.33333333333333365,-0.11864406779661019
309,10,11,2.2,2,1,7,0.33333333333333337,3,6,9,-0.269230769230769,-0.17475728155339806
310,10,11,2.2,2,1,4,0.0,3,5,11,-0.608695652173913,-0.1458333333333334
311,10,9,1.8,1,1,9,0.0,5,6,8,-0.12499999999999775,-0.21804511278195488
312,10,10,2.0,2,1,8,0.16666666666666666,5,7,9,0.16666666666666533,-0.25786163522012584
313,10,9,1.8,1,1,7,0.0,3,5,9,-0.6744186046511633,-0.051094890510948905
314,10,10,2.0,2,1,6,0.0,4,6,10,-0.37254901960784753,-3.469446951953614e-17
315,10,11,2.2,2,1,7,0.2666666666666667,3,6,10,-0.03623188405797082,-0.20999999999999996
316,10,9,1.8,1,1,5,0.0,3,6,9,-0.5254237288135581,-0.1571428571428571
317,10,12,2.4,2,1,5,0.14333333333333334,5,7,11,-0.13207547169811415,-0.12340425531914896
318,10,9,1.8,1,1,9,0.0,4,6,8,-0.12499999999999775,-0.06666666666666662
319,10,9,1.8,1,1,7,0.0,4,6,9,-0.4318181818181821,-0.19999999999999998
320,10,11,2.2,2,1,8,0.19999999999999998,5,7,10,0.5769230769230805,0.0687830687830688
321,10,9,1.8,1,1,6,0.0,3,5,8,-0.5454545454545465,-0.1654676258992806
322,10,13,2.6,3,1,5,0.26666666666666666,4,8,11,-0.08333333333333431,-0.10638297872340426
323,10,10,2.0,2,1,7,0.0,4,7,9,0.16666666666666533,-0.07784431137724544
324,10,9,1.8,1,1,9,0.0,5,7,8,-0.12499999999999775,-0.14893617021276598
325,10,9,1.8,1,1,6,0.0,4,5,9,-0.5299999999999999,-0.125
326,10,12,2.4,2,1,5,0.31,4,6,10,-0.2837209302325594,-0.06882591093117409
327,10,9,1.8,1,1,8,0.0,4,7,9,-0.3333333333333347,0.030769230769230767
328,10,10,2.0,2,1,7,0.15,4,6,9,-0.2765957446808521,-0.17647058823529416
329,10,12,2.4,2,1,6,0.35,4,7,10,-0.11428571428571416,-0.27433628318584075
330,10,13,2.6,3,1,5,0.24666666666666667,3,4,11,-0.12635379061371854,-0.2046332046332046
331,10,13,2.6,2,1,5,0.4133333333333333,4,7,10,0.037037037037037174,-0.19014084507042256
332,10,10,2.0,2,1,6,0.0,4,7,9,0.16666666666666533,0.036144578313252976
333,10,10,2.0,2,1,6,0.0,3,6,10,-0.17647058823529554,-0.09090909090909097
334,10,11,2.2,2,1,5,0.13333333333333333,3,6,10,-0.1956521739130433,-0.18048780487804877
335,10,9,1.8,1,1,8,0.0,5,9,8,-0.3333333333333347,-0.051094890510948905
336,10,10,2.0,2,1,7,0.0,5,7,8,-0.11111111111111223,-0.13636363636363638
337,10,9,1.8,1,1,9,0.0,5,7,9,-0.12499999999999775,-0.2366412213740458
338,10,9,1.8,1,1,8,0.0,5,6,8,-0.3333333333333347,-0.18248175182481752
339,10,10,2.0,2,1,8,0.16666666666666666,4,8,9,0.16666666666666533,0.024390243902439015
340,10,25,5.0,4,1,3,0.638095238095238,4,7,17,-0.26286248830683084,-0.14942528735632185
341,10,11,2.2,2,1,5,0.0,4,7,10,-0.1282051282051273,-0.02590673575129532
342,10,10,2.0,2,1,6,0.16666666666666666,3,6,9,-0.7142857142857152,-0.10429447852760743
343,10,11,2.2,2,1,6,0.21666666666666665,3,6,9,-0.13793103448275834,-0.13989637305699482
344,10,9,1.8,1,1,9,0.0,4,6,8,-0.12499999999999775,-0.18248175182481752
345,10,10,2.0,2,1,4,0.0,4,5,9,-0.06382978723404328,-0.21951219512195125
346,10,11,2.2,2,1,7,0.4,4,7,9,-0.12820512820512533,-0.16908212560386476
347,10,10,2.0,2,1,7,0.0,5,7,10,0.16666666666666533,-0.20481927710843376
348,10,11,2.2,2,1,5,0.21000000000000002,3,5,10,-0.34782608695652206,-0.09452736318407959
349,10,11,2.2,2,1,7,0.26666666666666666,4,7,10,-0.05769230769230891,-0.020618556701030893
350,10,9,1.8,1,1,9,0.0,4,6,9,-0.12499999999999775,0.10743801652892558
351,10,9,1.8,1,1,9,0.0,4,7,8,-0.12499999999999775,-0.152
352,10,9,1.8,1,1,9,0.0,4,7,9,-0.12499999999999775,0.038167938931297704
353,10,10,2.0,2,1,5,0.0,3,5,8,-0.5686274509803901,-0.13924050632911403
354,10,10,2.0,2,1,8,0.0,4,6,9,-0.05263157894737167,-0.10429447852760743
355,10,11,2.2,2,1,6,0.16666666666666666,4,7,10,-0.05769230769230891,0.024630541871921166
356,10,9,1.8,1,1,8,0.0,4,7,8,-0.3333333333333347,-0.125
357,10,9,1.8,1,1,7,0.0,3,6,8,-0.22727272727272738,-0.17391304347826086
358,10,9,1.8,1,1,8,0.0,4,5,7,-0.6666666666666665,-0.208955223880597
359,10,10,2.0,2,1,7,0.15,4,7,9,-0.2765957446808521,-0.139240506329114
360,10,10,2.0,2,1,5,0.20666666666666664,4,4,8,-0.5499999999999999,-0.19047619047619052
361,10,9,1.8,1,1,8,0.0,4,7,9,-0.3333333333333347,-0.13286713286713286
362,10,10,2.0,2,1,5,0.0,5,7,8,0.16666666666666533,-0.17647058823529416
363,10,13,2.6,3,1,6,0.21666666666666665,4,6,10,0.39534883720930125,-0.17293233082706766
364,10,12,2.4,3,1,6,0.27999999999999997,4,7,10,-0.003984063745019265,-0.24137931034482754
365,10,9,1.8,1,1,8,0.0,4,5,7,-0.6666666666666665,-0.02127659574468085
366,10,9,1.8,1,1,8,0.0,4,7,8,-0.3333333333333347,-0.14285714285714285
367,10,10,2.0,2,1,5,0.0,4,7,8,-0.6666666666666623,-0.14942528735632188
368,10,10,2.0,2,1,4,0.15,2,4,9,-0.6800000000000004,-0.1042944785276074
369,10,11,2.2,2,1,6,0.0,4,6,11,-0.031249999999999754,-0.1690821256038647
370,10,10,2.0,2,1,6,0.0,4,7,10,0.01960784313725423,-0.17647058823529418
371,10,10,2.0,2,1,5,0.0,4,6,9,-0.5789473684210537,-0.04046242774566475
372,10,12,2.4,2,1,6,0.4666666666666667,4,7,10,-0.04347826086956842,-0.18518518518518517
373,10,11,2.2,2,1,6,0.16666666666666666,4,6,10,0.26666666666666633,-0.14150943396226415
374,10,24,4.8,6,1,4,0.5538095238095238,5,8,18,0.30769230769231015,-0.10000000000000002
375,10,12,2.4,3,1,7,0.3,4,7,10,0.22857142857142826,-0.17073170731707318
376,10,10,2.0,2,1,7,0.2166666666666667,4,6,8,-0.35802469135802595,-0.19205298013245042
377,10,10,2.0,2,1,7,0.0,5,7,9,0.16666666666666533,-0.09090909090909097
378,10,10,2.0,2,1,7,0.16666666666666666,3,5,9,-0.5686274509803901,-0.14942528735632188
379,10,12,2.4,2,1,6,0.0,4,8,12,-0.5319148936170299,-0.1294117647058824
380,10,15,3.0,3,1,5,0.33999999999999997,5,8,12,0.16422287390029489,0.00826446280991741
381,10,11,2.2,2,1,5,0.37666666666666665,4,5,9,-0.3749999999999993,-0.15789473684210525
382,10,11,2.2,2,1,8,0.26666666666666666,5,7,10,0.4358974358974363,-0.1862745098039216
383,10,10,2.0,2,1,6,0.0,4,6,9,-0.05263157894737167,-0.1612903225806452
384,10,14,2.8,2,1,3,0.5845238095238096,3,4,11,-0.5155763239875386,-0.20987654320987664
385,10,14,2.8,3,1,4,0.32999999999999996,4,6,11,-0.059459459459460795,-0.16320474777448069
386,10,13,2.6,3,1,6,0.3833333333333333,4,8,11,0.30357142857142777,-0.23809523809523803
387,10,11,2.2,2,1,7,0.0,4,6,11,0.1538461538461559,-0.057692307692307696
388,10,11,2.2,2,1,5,0.44333333333333336,4,7,8,-0.6161137440758289,-0.19801980198019803
389,10,9,1.8,1,1,8,0.0,3,5,7,-0.3333333333333347,-0.125
390,10,9,1.8,1,1,9,0.0,5,7,9,-0.12499999999999775,-0.14893617021276595
391,10,10,2.0,2,1,7,0.1,4,7,9,0.21568627450980304,-0.10429447852760743
392,10,9,1.8,1,1,7,0.0,3,6,8,-0.6744186046511633,-0.1571428571428571
393,10,12,2.4,2,1,5,0.29333333333333333,4,7,11,-0.26495726495726474,-0.29729729729729726
394,10,14,2.8,3,1,4,0.25333333333333335,4,8,12,-0.2078431372549036,-0.16666666666666666
395,10,9,1.8,1,1,9,0.0,5,8,8,-0.12499999999999775,-0.20000000000000004
396,10,9,1.8,1,1,9,0.0,5,7,8,-0.12499999999999775,-0.006993006993006992
397,10,10,2.0,2,1,8,0.0,5,7,9,-0.05263157894737167,-0.0285714285714286
398,10,11,2.2,2,1,6,0.31666666666666665,4,6,9,-0.4666666666666675,-0.17021276595744686
399,10,9,1.8,1,1,7,0.0,4,6,9,-0.4318181818181819,-0.26562500000000006
400,10,14,2.8,3,1,5,0.2733333333333333,4,7,12,0.06993006993006827,-0.09969788519637465
401,10,12,2.4,2,1,6,0.0,4,6,12,-0.028571428571428557,-0.0731707317073171
402,10,10,2.0,2,1,5,0.0,5,8,9,-0.5789473684210537,-0.07784431137724555
403,10,9,1.8,1,1,7,0.0,3,6,8,-0.22727272727272738,-0.19999999999999998
404,10,13,2.6,3,1,4,0.15,4,8,11,-0.3154761904761914,-0.031746031746031834
405,10,9,1.8,1,1,9,0.0,5,8,7,-0.12499999999999775,-0.408695652173913
406,10,11,2.2,2,1,7,0.4666666666666666,5,7,8,-0.3749999999999978,-0.2039800995024877
407,10,10,2.0,2,1,8,0.16666666666666666,4,7,8,-0.11111111111111223,-0.025641025641025553
408,10,11,2.2,2,1,6,0.15,3,6,9,-0.03125000000000009,-0.2804232804232806
409,10,10,2.0,2,1,8,0.2333333333333333,4,8,9,-0.05263157894737167,-0.01910828025477716
410,10,11,2.2,2,1,6,0.19999999999999998,4,5,10,-0.06206896551724116,-0.18627450980392152
411,10,10,2.0,2,1,8,0.16666666666666666,4,6,9,0.16666666666666533,-0.17647058823529416
412,10,9,1.8,1,1,8,0.0,4,6,8,-0.3333333333333347,-0.1408450704225352
413,10,10,2.0,2,1,8,0.16666666666666666,4,7,9,0.16666666666666533,-0.05263157894736836
414,10,14,2.8,3,1,4,0.39,4,7,11,-0.22532588454376232,-0.1951219512195122
415,10,10,2.0,2,1,8,0.23333333333333334,3,6,7,-0.05263157894737167,-0.11731843575418999
416,10,11,2.2,2,1,6,0.08333333333333333,5,7,9,-0.031249999999999264,-0.17021276595744675
417,10,11,2.2,2,1,5,0.13333333333333336,3,6,10,-0.2896551724137931,-0.19801980198019803
418,10,9,1.8,1,1,8,0.0,4,7,8,-0.6666666666666665,-0.17391304347826086
419,10,14,2.8,2,1,6,0.44666666666666666,3,5,11,-0.03244837758111971,-0.21739130434782605
420,10,9,1.8,1,1,8,0.0,4,7,8,-0.6666666666666665,-0.18248175182481752
421,10,10,2.0,2,1,8,0.16666666666666666,4,6,8,-0.11111111111111223,-0.20481927710843378
422,10,11,2.2,2,1,7,0.15,4,6,10,-0.14583333333333376,-0.10552763819095472
423,10,9,1.8,1,1,9,0.0,4,7,9,-0.12499999999999775,-0.2180451127819549
424,10,9,1.8,1,1,8,0.0,4,5,8,-0.3333333333333347,-0.22330097087378634
425,10,13,2.6,3,1,4,0.13333333333333336,4,7,12,-0.10852713178294537,-0.1386861313868613
426,10,10,2.0,2,1,7,0.2333333333333333,4,7,8,-0.6666666666666623,0.030303030303030363
427,10,12,2.4,3,1,4,0.06,4,6,10,-0.24302788844621595,-0.12340425531914892
428,10,11,2.2,2,1,5,0.0,3,6,10,-0.05769230769230891,-0.1224489795918367
429,10,11,2.2,2,1,5,0.0,3,6,11,-0.26041666666666696,-0.17475728155339806
430,10,10,2.0,2,1,8,0.2333333333333333,4,7,8,-0.05263157894737167,-0.0285714285714286
431,10,11,2.2,2,1,6,0.0,4,7,11,0.30158730158730285,-0.13084112149532712
432,10,11,2.2,2,1,7,0.1,4,7,10,0.4358974358974363,0.19018404907975464
433,10,10,2.0,2,1,8,0.16666666666666666,5,8,8,-0.11111111111111223,-0.16959064327485382
434,10,9,1.8,1,1,9,0.0,4,7,9,-0.12499999999999775,-0.16546762589928055
435,10,10,2.0,2,1,6,0.0,3,5,8,-0.5957446808510639,-0.2658227848101266
436,10,10,2.0,2,1,8,0.16666666666666666,4,6,8,-0.11111111111111223,-0.20481927710843378
437,10,14,2.8,3,1,4,0.11666666666666665,4,8,13,-0.16666666666666818,-0.050000000000000024
438,10,13,2.6,3,1,4,0.35,4,7,11,-0.44444444444444475,-0.043795620437956186
439,10,10,2.0,2,1,7,0.16666666666666666,4,6,9,-0.17647058823529554,-0.17647058823529416
440,10,11,2.2,2,1,6,0.15,4,6,10,-0.03125000000000009,-0.1523809523809524
441,10,9,1.8,1,1,9,0.0,4,7,7,-0.12499999999999775,-0.14893617021276595
442,10,9,1.8,1,1,8,0.0,4,6,9,-0.3333333333333347,-0.1571428571428571
443,10,13,2.6,3,1,6,0.36666666666666664,4,7,11,0.39534883720930203,-0.15358361774744028
444,10,9,1.8,1,1,7,0.0,3,5,8,-0.4651162790697679,-0.051094890510948905
445,10,10,2.0,2,1,7,0.2166666666666667,3,6,8,-0.35802469135802595,-0.19760479041916174
446,10,10,2.0,2,1,6,0.16666666666666666,4,7,9,-0.2500000000000003,0.16083916083916083
447,10,13,2.6,3,1,6,0.21666666666666665,4,7,11,0.39999999999999925,-0.2426470588235294
448,10,15,3.0,3,2,3,0.07666666666666666,4,7,14,-0.07655502392344431,-0.16343490304709143
449,10,9,1.8,1,1,9,0.0,4,7,7,-0.12499999999999775,-0.27559055118110243
450,10,11,2.2,2,1,6,0.0,4,7,10,0.15384615384615527,-0.047619047619047714
451,10,11,2.2,2,1,7,0.0,5,8,11,0.36538461538461864,0.029411764705882356
452,10,10,2.0,2,1,7,0.16666666666666666,4,6,9,0.01960784313725423,-0.21951219512195125
453,10,10,2.0,2,1,5,0.0,4,6,10,-0.2380952380952386,-0.14285714285714288
454,10,11,2.2,2,1,6,0.19999999999999998,3,6,9,0.013793103448276056,-0.12244897959183675
455,10,9,1.8,1,1,9,0.0,4,7,7,-0.12499999999999775,-0.2558139534883721
456,10,11,2.2,2,1,6,0.24999999999999994,4,7,10,0.19791666666666663,-0.24742268041237117
457,10,12,2.4,3,1,6,0.3,4,6,10,0.24475524475524438,-0.14782608695652172
458,10,17,3.4,4,1,4,0.21999999999999997,4,7,14,-0.3783783783783821,-0.219409282700422
459,10,10,2.0,2,1,8,0.0,4,6,9,-0.05263157894737167,-0.1320754716981133
460,10,9,1.8,1,1,9,0.0,4,6,9,-0.12499999999999775,-0.14893617021276595
461,10,12,2.4,2,1,6,0.23333333333333334,5,7,11,0.21739130434782653,-0.21518987341772147
462,10,11,2.2,2,1,6,0.0,3,6,11,-0.45971563981042685,-0.1
463,10,13,2.6,3,1,4,0.4333333333333333,5,8,11,0.2528735632183889,-0.07586206896551724
464,10,9,1.8,1,1,8,0.0,5,7,7,-0.3333333333333347,-0.1571428571428571
465,10,11,2.2,2,1,5,0.15,4,7,10,-0.04761904761904801,-0.13615023474178412
466,10,9,1.8,1,1,8,0.0,4,6,8,-0.3333333333333347,-0.1408450704225352
467,10,9,1.8,1,1,8,0.0,4,7,9,-0.6666666666666665,-0.051094890510948905
468,10,10,2.0,2,1,7,0.16666666666666666,4,6,9,-0.37254901960784753,-0.17647058823529416
469,10,16,3.2,3,1,5,0.7,4,7,12,-0.1069182389937107,-0.15384615384615385
470,10,11,2.2,2,1,6,0.0,5,7,10,-0.035294117647058476,-0.20398009950248755
471,10,9,1.8,1,1,9,0.0,5,6,8,-0.12499999999999775,-0.14893617021276595
472,10,12,2.4,2,1,6,0.08333333333333333,4,7,10,0.21739130434782653,-0.309090909090909
473,10,14,2.8,3,1,4,0.06666666666666667,4,7,12,-0.40000000000000024,-0.14619883040935677
474,10,9,1.8,1,1,9,0.0,4,6,8,-0.12499999999999775,-0.16546762589928055
475,10,10,2.0,2,1,6,0.0,4,6,9,-0.17021276595744744,-0.19047619047619052
476,10,12,2.4,2,1,4,0.16666666666666666,4,6,10,-0.4347826086956547,-0.14782608695652175
477,10,15,3.0,3,1,5,0.21000000000000002,4,7,14,-0.21794871794871856,-0.23626373626373626
478,10,14,2.8,3,1,6,0.45,4,6,12,0.016216216216214774,-0.16666666666666666
479,10,12,2.4,2,1,6,0.2833333333333333,4,7,10,0.14285714285714265,-7.401486830834377e-17
480,10,12,2.4,2,1,4,0.16666666666666666,5,9,10,-0.1739130434782643,-0.12500000000000003
481,10,12,2.4,3,1,7,0.16666666666666666,4,5,11,0.347826086956521,-0.05600000000000002
482,10,9,1.8,1,1,9,0.0,4,7,8,-0.12499999999999775,-0.1824817518248175
483,10,11,2.2,2,1,5,0.15,4,7,9,-0.03125000000000009,-0.057692307692307696
484,10,10,2.0,2,1,6,0.0,3,6,10,-0.80952380952381,-0.025641025641025703
485,10,10,2.0,2,1,8,0.0,4,7,9,-0.3888888888888899,-0.15384615384615394
486,10,11,2.2,2,1,6,0.0,4,7,10,-0.05769230769230891,-0.1224489795918367
487,10,10,2.0,2,1,7,0.0,4,7,9,-0.05263157894737167,-0.15606936416184972
488,10,10,2.0,2,1,7,0.15,3,6,9,-0.17021276595744744,-0.15384615384615394
489,10,10,2.0,2,1,7,0.16666666666666666,4,7,8,-0.5686274509803901,-0.16279069767441862
490,10,19,3.8,3,2,3,0.6554761904761905,4,8,15,-0.4524549409571168,-0.22580645161290328
491,10,11,2.2,2,1,7,0.0,4,7,11,0.15384615384615527,-0.1523809523809524
492,10,9,1.8,1,1,8,0.0,4,7,9,-0.6666666666666665,-0.1571428571428571
493,10,12,2.4,2,1,5,0.15,4,7,10,-0.04347826086956547,-0.1092436974789916
494,10,9,1.8,1,1,8,0.0,3,6,9,-0.6666666666666665,-0.22727272727272724
495,10,10,2.0,2,1,5,0.0,4,7,10,-0.6666666666666623,-0.16959064327485382
496,10,9,1.8,1,1,9,0.0,4,7,8,-0.12499999999999775,-0.14893617021276595
497,10,9,1.8,1,1,7,0.0,3,6,9,-0.4318181818181819,-0.18248175182481752
498,10,10,2.0,2,1,7,0.16666666666666666,4,6,8,-0.5686274509803901,-0.19205298013245042
499,10,10,2.0,2,1,7,0.2333333333333333,4,7,8,-0.6666666666666623,-0.21212121212121218
500,10,11,2.2,2,1,7,0.2333333333333333,4,7,9,0.19791666666666663,-0.21608040201005027
501,10,11,2.2,2,1,4,0.06666666666666667,4,7,10,-0.24666666666666673,-0.22842639593908634
502,10,11,2.2,2,1,8,0.26666666666666666,5,8,9,0.4358974358974363,-0.09452736318407962
503,10,11,2.2,2,1,7,0.4,4,7,9,0.15384615384615527,-0.12244897959183677
504,10,12,2.4,3,1,6,0.0,4,8,11,0.2340425531914889,-0.205020920502092
505,10,10,2.0,2,1,7,0.0,4,6,9,-0.11111111111111355,-0.02272727272727275
506,10,9,1.8,1,1,6,0.0,4,5,9,-0.022727272727272735,-0.18248175182481752
507,10,14,2.8,2,1,4,0.45999999999999996,5,6,10,-0.16666666666666632,-0.18072289156626511
508,10,10,2.0,2,1,7,0.0,3,6,10,-0.11111111111111223,-0.14649681528662425
509,10,9,1.8,1,1,9,0.0,4,7,8,-0.12499999999999775,-0.21804511278195488
510,10,11,2.2,2,1,4,0.0,4,6,11,-0.15238095238095173,-0.13615023474178406
511,10,10,2.0,2,1,7,0.0,4,6,9,0.16666666666666533,-0.06508875739644973
512,10,15,3.0,4,1,6,0.42000000000000004,4,8,11,0.47860962566844945,-0.2068965517241379
513,10,9,1.8,1,1,8,0.0,4,6,8,-0.3333333333333347,-0.19117647058823528
514,10,11,2.2,2,1,4,0.33999999999999997,3,4,9,-0.5429864253393659,-0.18627450980392157
515,10,13,2.6,3,1,6,0.3,4,6,11,0.39534883720930125,-0.0671641791044776
516,10,22,4.4,4,1,4,0.43714285714285717,4,6,17,-0.02754491017964375,-0.13096695226438188
517,10,10,2.0,2,1,7,0.16666666666666666,3,6,8,-0.17647058823529554,-0.16883116883116894
518,10,9,1.8,1,1,8,0.0,3,5,8,-0.3333333333333347,-0.09923664122137407
519,10,9,1.8,1,1,9,0.0,4,7,8,-0.12499999999999775,-0.16546762589928055
520,10,11,2.2,2,1,7,0.3,4,8,10,-0.035294117647058476,-0.042654028436018974
521,10,9,1.8,1,1,9,0.0,4,6,9,-0.12499999999999775,-0.02127659574468085
522,10,9,1.8,1,1,8,0.0,4,6,9,-0.3333333333333347,-0.20000000000000007
523,10,12,2.4,2,1,6,0.43,4,7,10,-0.13207547169811415,-0.16129032258064516
524,10,12,2.4,2,1,6,0.43000000000000005,4,7,10,-0.13207547169811415,-0.19008264462809915
525,10,9,1.8,1,1,8,0.0,4,5,9,-0.6666666666666665,0.038167938931297704
526,10,9,1.8,1,1,9,0.0,5,7,8,-0.12499999999999775,-0.03597122302158273
527,10,9,1.8,1,1,9,0.0,5,7,8,-0.12499999999999775,-0.18248175182481755
528,10,9,1.8,1,1,8,0.0,4,6,9,-0.3333333333333347,-0.24615384615384614
529,10,9,1.8,1,1,8,0.0,4,6,8,-0.3333333333333347,-0.2366412213740458
530,10,10,2.0,2,1,7,0.16666666666666666,5,8,9,-0.17647058823529566,-0.20481927710843376
531,10,11,2.2,2,2,4,0.0,5,7,10,-0.3749999999999978,-0.1690821256038647
532,10,10,2.0,2,1,6,0.15,3,5,9,-0.2380952380952386,-0.16279069767441862
533,10,11,2.2,2,1,7,0.15,4,6,10,-0.26041666666666696,-0.1282051282051283
534,10,10,2.0,2,1,5,0.0,4,7,10,-0.38297872340425554,-0.17647058823529416
535,10,12,2.4,2,1,4,0.4466666666666666,3,5,9,-0.4184397163120567,-0.20000000000000007
536,10,9,1.8,1,1,7,0.0,3,6,8,-0.4651162790697679,-0.17391304347826086
537,10,11,2.2,2,1,7,0.0,5,7,10,0.15384615384615527,-0.14583333333333345
538,10,10,2.0,2,1,7,0.15,4,8,9,-0.2765957446808521,-0.3071895424836602
539,10,12,2.4,2,1,6,0.2833333333333333,4,6,10,0.14285714285714265,-0.10924369747899162
540,10,10,2.0,2,1,5,0.0,4,8,9,-0.17647058823529554,-0.012658227848101349
541,10,10,2.0,2,1,8,0.0,5,8,9,-0.05263157894737167,-0.0285714285714286
542,10,12,2.4,2,1,4,0.21666666666666665,4,7,11,-0.28571428571428525,0.012345679012345668
543,10,12,2.4,2,1,6,0.4,4,7,9,-0.3333333333333304,-0.0909090909090909
544,10,12,2.4,2,1,6,0.3666666666666667,3,6,9,-0.02857142857142847,-0.15662650602409642
545,10,10,2.0,2,1,7,0.16666666666666666,4,6,9,-0.5686274509803901,-0.21951219512195125
546,10,9,1.8,1,1,9,0.0,4,7,9,-0.12499999999999775,-0.14893617021276595
547,10,13,2.6,2,1,5,0.4666666666666666,4,7,10,-0.4,-0.22463768115942032
548,10,11,2.2,2,1,6,0.08333333333333333,5,8,10,-0.031249999999999264,-0.1458333333333333
549,10,12,2.4,2,1,7,0.31666666666666665,4,7,10,0.347826086956521,-0.20000000000000004
550,10,9,1.8,1,1,9,0.0,4,6,9,-0.12499999999999775,-0.08270676691729323
551,10,11,2.2,2,1,7,0.16666666666666666,4,7,10,0.15384615384615527,-0.0784313725490196
552,10,11,2.2,2,1,6,0.3,4,7,10,-0.3749999999999998,-0.057692307692307696
553,10,10,2.0,2,1,7,0.0,5,6,10,0.16666666666666533,-0.19760479041916174
554,10,11,2.2,2,1,4,0.2866666666666666,4,6,9,-0.39130434782608686,-0.22222222222222224
555,10,9,1.8,1,1,6,0.0,3,6,9,-0.8181818181818197,-0.17391304347826086
556,10,13,2.6,3,1,4,0.14333333333333334,4,7,12,-0.283950617283951,-0.16955017301038064
557,10,10,2.0,2,1,6,0.0,4,7,9,-0.17647058823529554,-0.06666666666666672
558,10,9,1.8,1,1,9,0.0,3,6,8,-0.12499999999999775,-0.18248175182481752
559,10,10,2.0,2,1,7,0.0,4,7,10,0.16666666666666533,-0.1320754716981131
560,10,9,1.8,1,1,8,0.0,4,7,8,-0.6666666666666665,-0.11627906976744182
561,10,9,1.8,1,1,9,0.0,4,8,8,-0.12499999999999775,-0.051094890510948905
562,10,9,1.8,1,1,8,0.0,4,6,8,-0.3333333333333347,0.07352941176470588
563,10,10,2.0,2,1,7,0.16666666666666666,4,5,9,0.01960784313725423,-0.24223602484472057
564,10,11,2.2,2,1,7,0.3,4,7,9,-0.035294117647058476,-0.16908212560386476
565,10,12,2.4,3,1,7,0.0,5,6,11,0.3571428571428558,-0.13793103448275865
566,10,10,2.0,2,1,7,0.0,4,7,9,0.16666666666666533,-0.012658227848101207
567,10,10,2.0,2,1,7,0.0,4,7,10,-0.3888888888888899,-0.11111111111111119
568,10,13,2.6,3,1,6,0.2633333333333333,4,7,11,-0.004065040650406602,-0.0985915492957747
569,10,10,2.0,2,1,5,0.0,4,6,9,-0.2500000000000003,-3.469446951953614e-17
570,10,10,2.0,2,1,6,0.15,4,6,8,-0.2380952380952386,-0.11111111111111115
571,10,9,1.8,1,1,8,0.0,4,7,9,-0.6666666666666665,-0.152
572,10,10,2.0,2,1,8,0.16666666666666666,3,6,9,-0.11111111111111223,-0.19760479041916174
573,10,11,2.2,2,1,7,0.4,4,6,9,-0.4102564102564149,-0.05769230769230771
574,10,9,1.8,1,1,8,0.0,4,5,8,-0.3333333333333347,0.007874015748031461
575,10,10,2.0,2,1,7,0.2333333333333333,4,5,8,-0.3888888888888899,-0.05263157894736844
576,10,10,2.0,2,1,8,0.0,4,7,9,-0.05263157894737167,-0.18343195266272194
577,10,10,2.0,2,1,7,0.15,3,5,9,-0.38297872340425554,-0.16279069767441862
578,10,9,1.8,1,1,9,0.0,4,6,8,-0.12499999999999775,-0.296
579,10,9,1.8,1,1,8,0.0,4,6,8,-0.3333333333333347,-0.2558139534883721
580,10,11,2.2,2,1,6,0.13333333333333336,4,6,10,-0.1956521739130433,-0.16346153846153846
581,10,10,2.0,2,1,6,0.0,3,6,10,-0.37254901960784753,-0.10429447852760743
582,10,10,2.0,2,1,7,0.15,3,5,8,-0.38297872340425554,-0.01910828025477698
583,10,10,2.0,2,1,8,0.23333333333333334,4,8,9,-0.05263157894737167,-0.006289308176100635
584,10,13,2.6,3,1,5,0.2033333333333333,4,7,11,-0.06995884773662583,-0.17361111111111116
585,10,9,1.8,1,1,8,0.0,3,6,8,-0.3333333333333347,-0.17391304347826086
586,10,12,2.4,2,1,5,0.2333333333333333,4,7,10,-0.457142857142857,-0.14285714285714285
587,10,10,2.0,2,1,6,0.15,5,6,8,-0.06382978723404328,-0.2987012987012987
588,10,9,1.8,1,1,9,0.0,5,7,9,-0.12499999999999775,-0.20000000000000004
589,10,9,1.8,1,1,9,0.0,4,7,8,-0.12499999999999775,-0.19999999999999998
590,10,10,2.0,2,1,8,0.16666666666666666,4,7,9,0.16666666666666533,-0.058823529411764726
591,10,9,1.8,1,1,9,0.0,4,7,8,-0.12499999999999775,0.27419354838709675
592,10,10,2.0,2,1,8,0.16666666666666666,4,7,9,-0.11111111111111223,-0.19760479041916174
593,10,11,2.2,2,1,5,0.16666666666666666,4,7,9,-0.269230769230769,-0.1224489795918368
594,10,14,2.8,3,1,6,0.26666666666666666,4,8,11,0.5508021390374326,-0.08011869436201785
595,10,9,1.8,1,1,9,0.0,3,6,9,-0.12499999999999775,-0.16546762589928055
596,10,10,2.0,2,1,6,0.0,4,7,9,-0.11111111111111223,-0.20481927710843378
597,10,10,2.0,2,1,6,0.0,4,7,10,-0.09375000000000216,-0.18343195266272194
598,10,9,1.8,1,1,9,0.0,4,8,8,-0.12499999999999775,-0.051094890510948905
599,10,10,2.0,2,1,5,0.0,4,6,10,-0.37254901960784476,-0.19760479041916174
600,10,9,1.8,1,1,8,0.0,3,6,7,-0.6666666666666665,-0.10769230769230775
601,10,9,1.8,1,1,8,0.0,4,6,9,-0.3333333333333347,-0.07462686567164178
602,10,11,2.2,2,1,6,0.3,4,8,10,-0.3749999999999998,-0.2284263959390864
603,10,9,1.8,1,1,8,0.0,4,7,9,-0.6666666666666665,0.007874015748031496
604,10,11,2.2,2,1,7,0.3333333333333333,5,8,9,-0.269230769230769,-0.052631578947368404
605,10,15,3.0,3,1,4,0.21999999999999997,4,7,12,0.025000000000000525,-0.07416879795396417
606,10,9,1.8,1,1,7,0.0,3,5,8,-0.4651162790697679,-0.0909090909090909
607,10,10,2.0,2,1,6,0.0,4,7,9,-0.05263157894737167,-0.2195121951219513
608,10,9,1.8,1,1,6,0.0,4,5,9,-0.5299999999999999,-0.22727272727272724
609,10,10,2.0,2,1,7,0.0,4,6,9,-0.35802469135802595,-0.14649681528662428
610,10,10,2.0,2,1,6,0.0,4,7,10,-0.562500000000003,-0.09756097560975616
611,10,9,1.8,1,1,6,0.0,4,6,9,-0.5454545454545451,-0.17391304347826086
612,10,10,2.0,2,1,7,0.2333333333333333,4,7,8,-0.6666666666666623,-0.05263157894736844
613,10,10,2.0,2,1,7,0.16666666666666666,4,7,9,0.01960784313725423,-0.1464968152866242
614,10,9,1.8,1,1,7,0.0,3,5,8,-0.4651162790697679,-0.19999999999999998
615,10,10,2.0,2,1,7,0.15,4,6,9,-0.2765957446808521,0.018404907975460072
616,10,9,1.8,1,1,9,0.0,4,7,9,-0.12499999999999775,-0.09923664122137407
617,10,17,3.4,3,2,3,0.45666666666666667,4,8,12,-0.2026768642447426,-0.21428571428571436
618,10,11,2.2,2,1,6,0.13333333333333333,3,5,10,-0.2896551724137931,-0.11235955056179776
619,10,10,2.0,2,1,8,0.0,5,7,10,-0.05263157894737167,0.2546583850931677
620,10,12,2.4,2,1,5,0.3666666666666666,4,7,9,-0.37142857142857283,-0.08108108108108107
621,10,9,1.8,1,1,9,0.0,4,5,8,-0.12499999999999775,-0.035971223021582746
622,10,12,2.4,2,1,5,0.15,3,6,10,-0.25874125874125836,-0.1659919028340081
623,10,9,1.8,1,1,9,0.0,4,7,8,-0.12499999999999775,0.023255813953488372
624,10,10,2.0,2,1,5,0.0,4,5,8,-0.38297872340425554,0.20000000000000004
625,10,14,2.8,3,1,3,0.49333333333333335,4,7,10,-0.48484848484848686,-0.03067484662576687
626,10,12,2.4,3,1,7,0.35,4,7,9,0.4782608695652168,-0.1379310344827587
627,10,10,2.0,2,1,4,0.0,4,5,10,-0.45000000000000034,-0.1612903225806452
628,10,11,2.2,2,1,6,0.22000000000000003,4,6,9,-0.17129629629629647,-0.15789473684210525
629,10,11,2.2,2,1,6,0.21666666666666665,4,7,9,-0.035294117647058476,-0.08374384236453204
630,10,11,2.2,2,1,7,0.0,5,8,11,0.1538461538461559,-0.14150943396226415
631,10,11,2.2,2,1,6,0.16666666666666666,4,5,10,-0.3968253968253999,-0.14691943127962084
632,10,10,2.0,2,1,7,0.0,4,6,10,-0.3829787234042556,-0.139240506329114
633,10,12,2.4,3,1,6,0.0,5,9,12,0.08695652173912707,-0.1629955947136564
634,10,10,2.0,2,1,7,0.0,4,7,9,-0.11111111111111223,0.06432748538011696
635,10,9,1.8,1,1,8,0.0,5,7,8,-0.3333333333333347,-0.1571428571428571
636,10,9,1.8,1,1,9,0.0,4,6,8,-0.12499999999999775,-0.22727272727272724
637,10,10,2.0,2,1,5,0.0,4,6,9,-0.17647058823529554,-0.20481927710843378
638,10,10,2.0,2,1,6,0.08333333333333333,4,6,9,-0.047619047619048095,-0.07784431137724555
639,10,9,1.8,1,1,9,0.0,5,7,8,-0.12499999999999775,-0.03597122302158273
640,10,13,2.6,3,1,4,0.2733333333333334,4,6,11,-0.30383480825958664,-0.032490974729241874
641,10,12,2.4,2,1,5,0.0,5,8,12,-0.09090909090909019,-0.2222222222222223
642,10,9,1.8,1,1,7,0.0,3,5,9,-0.4318181818181821,-0.18248175182481752
643,10,9,1.8,1,1,8,0.0,4,6,8,-0.3333333333333347,-0.17391304347826086
644,10,10,2.0,2,1,7,0.0,4,6,9,-0.17647058823529554,-0.15384615384615388
645,10,9,1.8,1,1,8,0.0,4,5,8,-0.6666666666666665,-0.058823529411764705
646,10,10,2.0,2,1,7,0.1,4,7,9,0.019607843137254024,-0.20481927710843378
647,10,11,2.2,2,1,4,0.08333333333333333,4,7,10,-0.15238095238095142,-0.0050761421319796786
648,10,13,2.6,3,1,5,0.0,5,7,13,0.09999999999999953,-0.1655172413793104
649,10,11,2.2,2,1,8,0.19999999999999998,4,7,10,0.365384615384618,-0.18048780487804877
650,10,14,2.8,3,1,4,0.15999999999999998,4,6,13,-0.07207207207207175,-0.2136222910216719
651,10,12,2.4,2,1,5,0.2766666666666667,4,6,10,-0.3809523809523798,-0.1234042553191489
652,10,10,2.0,2,1,7,0.1,4,6,9,0.21568627450980304,-0.21212121212121215
653,10,10,2.0,2,1,7,0.16666666666666666,4,6,8,-0.37254901960784753,-0.058823529411764726
654,10,11,2.2,2,1,8,0.26666666666666666,4,7,9,0.4358974358974363,-0.12037037037037035
655,10,9,1.8,1,1,6,0.0,3,6,9,-0.5299999999999999,-0.22727272727272724
656,10,11,2.2,2,1,7,0.2333333333333333,4,7,9,-0.031249999999999264,-0.058823529411764656
657,10,9,1.8,1,1,9,0.0,4,6,8,-0.12499999999999775,-0.051094890510948905
658,10,11,2.2,2,1,6,0.16666666666666666,4,7,9,0.1538461538461559,-0.08910891089108912
659,10,9,1.8,1,1,8,0.0,4,7,9,-0.3333333333333347,-0.27559055118110243
660,10,17,3.4,3,1,4,0.5066666666666667,4,8,13,-0.030303030303029735,-0.098989898989899
661,10,12,2.4,3,1,4,0.0,4,8,11,-0.30434782608695665,-0.02369668246445497
662,10,9,1.8,1,1,8,0.0,3,5,8,-0.3333333333333347,-0.05882352941176466
663,10,11,2.2,2,1,6,0.15,5,7,9,-0.26041666666666696,-0.08910891089108912
664,10,10,2.0,2,1,7,0.0,5,7,9,-0.05263157894737167,-0.21212121212121218
665,10,9,1.8,1,1,8,0.0,4,6,9,-0.3333333333333347,-0.043478260869565216
666,10,11,2.2,2,1,6,0.16666666666666666,4,6,10,-0.4807692307692313,-0.16908212560386476
667,10,9,1.8,1,1,8,0.0,4,6,9,-0.3333333333333347,-0.06666666666666667
668,10,9,1.8,1,1,7,0.0,4,6,8,-0.22727272727272738,-0.11627906976744186
669,10,11,2.2,2,1,6,0.16666666666666666,4,6,10,-0.05769230769230891,-0.052631578947368404
670,10,9,1.8,1,1,8,0.0,4,6,7,-0.6666666666666665,-0.19117647058823528
671,10,11,2.2,2,1,5,0.15,3,6,9,-0.4895833333333356,-0.19801980198019803
672,10,11,2.2,2,1,6,0.08333333333333333,4,6,10,-0.031249999999999264,-0.11111111111111116
673,10,14,2.8,3,1,4,0.0,4,6,14,-0.46031746031745985,-0.16293929712460076
674,10,11,2.2,2,1,6,0.15,5,7,10,0.08333333333333333,-0.06796116504854369
675,10,11,2.2,2,1,7,0.4,5,8,9,-0.12820512820512533,-0.17475728155339806
676,10,11,2.2,2,1,6,0.23333333333333334,3,6,9,-0.25714285714285884,-0.11864406779661028
677,10,10,2.0,2,1,5,0.0,4,6,10,-0.42180094786729727,-0.16959064327485382
678,10,9,1.8,1,1,8,0.0,4,7,9,-0.6666666666666665,-0.05109489051094892
679,10,12,2.4,2,1,6,0.35,4,7,10,0.057142857142857224,-0.15200000000000002
680,10,11,2.2,2,1,7,0.2,4,5,10,0.126984126984128,-0.17159763313609466
681,10,12,2.4,2,1,6,0.3633333333333333,4,7,10,-0.07547169811320832,-0.1578947368421053
682,10,9,1.8,1,1,7,0.0,4,6,9,-0.636363636363637,-0.19999999999999998
683,10,9,1.8,1,1,8,0.0,4,6,9,-0.3333333333333347,-0.058823529411764705
684,10,10,2.0,2,1,4,0.0,3,6,9,-0.5499999999999999,-0.09756097560975613
685,10,15,3.0,3,1,4,0.40714285714285714,4,6,13,-0.2895927601809956,-0.18733509234828494
686,10,9,1.8,1,1,8,0.0,4,6,8,-0.3333333333333347,-0.16129032258064502
687,10,9,1.8,1,1,9,0.0,4,7,9,-0.12499999999999775,-0.18248175182481752
688,10,11,2.2,2,1,5,0.18333333333333332,3,5,10,-0.18279569892473072,-0.14285714285714293
689,10,9,1.8,1,1,9,0.0,4,7,8,-0.12499999999999775,-0.18248175182481752
690,10,9,1.8,1,1,8,0.0,4,6,8,-0.3333333333333347,-0.10769230769230768
691,10,12,2.4,2,1,5,0.31666666666666665,4,6,9,-0.04347826086956842,-0.15662650602409642
692,10,9,1.8,1,1,9,0.0,5,7,9,-0.12499999999999775,0.05263157894736842
693,10,10,2.0,2,1,8,0.16666666666666666,5,8,9,0.16666666666666533,-0.17647058823529416
694,10,11,2.2,2,1,6,0.0,4,7,10,0.15384615384615527,-0.21
695,10,12,2.4,2,1,4,0.25,3,5,10,-0.32558139534883784,-0.11864406779661017
696,10,10,2.0,2,1,6,0.0,4,6,8,-0.11111111111111223,-0.19205298013245034
697,10,10,2.0,2,1,6,0.0,4,6,10,-0.4285714285714284,-0.0322580645161291
698,10,11,2.2,2,1,5,0.0,4,7,11,0.05714285714285783,-0.08910891089108912
699,10,9,1.8,1,1,7,0.0,3,5,8,-0.6744186046511633,-0.18248175182481752
700,10,10,2.0,2,1,7,0.0,4,6,9,-0.3888888888888899,0.018404907975460072
701,10,9,1.8,1,1,7,0.0,4,6,9,-0.22727272727272738,-0.23664122137404578
702,10,14,2.8,2,1,5,0.46333333333333326,4,7,11,-0.1666666666666653,-0.08737864077669906
703,10,10,2.0,2,1,7,0.15,4,5,8,-0.17021276595744744,-0.15606936416184972
704,10,9,1.8,1,1,9,0.0,4,6,9,-0.12499999999999775,-0.06666666666666667
705,10,15,3.0,3,1,4,0.23333333333333334,5,8,14,0.047619047619044466,-0.13513513513513514
706,10,9,1.8,1,1,8,0.0,3,6,9,-0.6666666666666665,-0.208955223880597
707,10,9,1.8,1,1,8,0.0,4,7,9,-0.3333333333333347,-0.23664122137404578
708,10,11,2.2,2,1,5,0.0,4,6,10,-0.05769230769230891,-0.13615023474178406
709,10,10,2.0,2,1,6,0.21666666666666665,4,7,8,-0.3829787234042563,0.030303030303030266
710,10,9,1.8,1,1,9,0.0,4,6,9,-0.12499999999999775,-0.05109489051094892
711,10,16,3.2,3,1,5,0.38,4,6,14,-0.0789980732177264,-0.15056179775280898
712,10,11,2.2,2,1,7,0.15,5,8,9,-0.035294117647058476,-0.18627450980392152
713,10,12,2.4,2,1,4,0.2,4,7,11,-0.1142857142857141,-0.20000000000000004
714,10,11,2.2,2,1,5,0.0,4,7,9,-0.05769230769230891,-0.30810810810810807
715,10,11,2.2,2,1,6,0.2333333333333333,5,7,9,-0.4102564102564149,-0.19801980198019803
716,10,10,2.0,2,1,8,0.16666666666666666,4,6,9,0.16666666666666533,-0.19047619047619052
717,10,9,1.8,1,1,4,0.0,3,4,9,-0.5,-0.2180451127819549
718,10,10,2.0,2,1,7,0.0,4,6,10,-0.3888888888888899,0.018404907975460107
719,10,11,2.2,2,1,7,0.0,5,8,11,0.15384615384615527,-0.1111111111111112
720,10,9,1.8,1,1,6,0.0,4,5,9,-0.5299999999999999,-0.24615384615384614
721,10,10,2.0,2,1,7,0.15,4,6,8,-0.17021276595744744,-0.19999999999999982
722,10,10,2.0,2,1,6,0.16666666666666666,3,6,9,-0.562500000000003,-0.17647058823529416
723,10,10,2.0,2,1,8,0.16666666666666666,5,7,9,0.16666666666666533,-0.14285714285714288
724,10,10,2.0,2,1,7,0.16666666666666666,4,7,9,-0.17647058823529554,-0.18343195266272194
725,10,10,2.0,2,1,7,0.15,4,6,9,-0.17021276595744744,-0.058823529411764726
726,10,11,2.2,2,1,6,0.1,4,7,10,0.1538461538461559,3.392348130799089e-17
727,10,9,1.8,1,1,7,0.0,4,6,9,-0.4318181818181819,-0.1571428571428571
728,10,9,1.8,1,1,7,0.0,5,7,9,0.0,-0.051094890510948905
729,10,9,1.8,1,1,9,0.0,4,7,8,-0.12499999999999775,-0.1707317073170732
730,10,9,1.8,1,1,7,0.0,4,7,9,0.0,-0.22727272727272724
731,10,9,1.8,1,1,8,0.0,3,6,9,-0.3333333333333347,-0.2089552238805971
732,10,10,2.0,2,1,7,0.16666666666666666,3,5,9,-0.5686274509803901,-0.18343195266272194
733,10,11,2.2,2,1,7,0.33333333333333337,4,6,9,0.15384615384615502,-0.15789473684210525
734,10,9,1.8,1,1,7,0.0,3,6,9,-0.4651162790697679,-0.17391304347826086
735,10,12,2.4,2,1,4,0.14333333333333334,4,8,11,-0.3953488372093007,-0.13304721030042924
736,10,11,2.2,2,1,6,0.3,3,5,10,-0.2604166666666678,-0.06280193236714979
737,10,9,1.8,1,1,8,0.0,4,5,8,-0.3333333333333347,-0.1408450704225352
738,10,13,2.6,3,1,6,0.3333333333333333,4,7,11,0.252873563218389,-0.032490974729241874
739,10,11,2.2,2,1,6,0.0,4,7,11,-0.14583333333333334,-0.24102564102564103
740,10,10,2.0,2,1,8,0.16666666666666666,4,7,9,0.16666666666666533,-0.10429447852760743
741,10,9,1.8,1,1,9,0.0,4,6,9,-0.12499999999999775,-0.21804511278195488
742,10,9,1.8,1,1,9,0.0,4,6,8,-0.12499999999999775,-0.16546762589928055
743,10,10,2.0,2,1,7,0.15,4,6,9,-0.2765957446808521,-0.234567901234568
744,10,12,2.4,2,1,5,0.5866666666666667,3,6,9,-0.47169811320754756,-0.1707317073170732
745,10,9,1.8,1,1,7,0.0,3,5,8,-0.636363636363637,-0.06666666666666667
746,10,10,2.0,2,1,5,0.0,3,6,10,-0.38297872340425554,-0.2195121951219513
747,10,12,2.4,2,1,5,0.2633333333333333,3,5,10,-0.09960159362549889,-0.1139240506329114
748,10,14,2.8,3,1,4,0.0,4,6,14,-0.27272727272727126,-0.11627906976744193
749,10,9,1.8,1,1,8,0.0,4,7,8,-0.3333333333333347,-0.028571428571428567
750,10,10,2.0,2,1,7,0.2166666666666667,4,6,9,-0.11111111111111031,-0.21212121212121218
751,10,11,2.2,2,1,7,0.26666666666666666,5,7,10,-0.05769230769230891,-0.11675126903553297
752,10,10,2.0,2,1,8,0.0,4,6,10,-0.3888888888888899,-0.058823529411764726
753,10,9,1.8,1,1,8,0.0,4,6,9,-0.3333333333333347,0.030769230769230767
754,10,10,2.0,2,1,6,0.16666666666666666,4,7,9,0.01960784313725423,-0.11801242236024849
755,10,9,1.8,1,1,9,0.0,4,7,7,-0.12499999999999775,-0.08270676691729323
756,10,12,2.4,2,1,4,0.19999999999999998,4,6,11,-0.19999999999999976,-0.07317073170731714
757,10,9,1.8,1,1,9,0.0,5,7,8,-0.12499999999999775,0.1290322580645161
758,10,9,1.8,1,1,8,0.0,5,7,8,-0.3333333333333347,-0.099236641221374
759,10,10,2.0,2,1,7,0.0,5,8,8,-0.05263157894737167,-0.18343195266272194
760,10,10,2.0,2,1,8,0.16666666666666666,4,7,9,0.16666666666666533,-0.22699386503067487
761,10,9,1.8,1,1,9,0.0,4,8,8,-0.12499999999999775,-0.14893617021276595
762,10,12,2.4,2,1,6,0.15,5,8,10,-0.24444444444444585,-0.17551020408163265
763,10,11,2.2,2,1,6,0.15,4,6,9,-0.03125000000000009,-0.16346153846153846
764,10,9,1.8,1,1,8,0.0,4,7,9,-0.6666666666666665,-0.09923664122137403
765,10,10,2.0,2,1,8,0.16666666666666666,4,6,9,0.16666666666666533,-0.10429447852760736
766,10,14,2.8,2,1,5,0.58,4,7,10,-0.10043668122271016,-0.15976331360946744
767,10,10,2.0,2,1,8,0.16666666666666666,4,6,9,0.16666666666666533,-0.20481927710843376
768,10,10,2.0,2,1,6,0.16666666666666666,4,6,9,-0.61904761904762,-0.006289308176100635
769,10,13,2.6,2,1,4,0.41,3,5,11,-0.6425992779783394,-0.17770034843205576
770,10,11,2.2,2,1,4,0.0,4,7,10,-0.3554502369668251,-0.0050761421319796786
771,10,19,3.8,5,1,5,0.5333333333333333,5,8,13,0.46370967741935354,-0.17207792207792205
772,10,10,2.0,2,1,6,0.0,4,7,9,-0.37254901960784753,-0.06508875739644976
773,10,10,2.0,2,1,7,0.0,4,7,8,-0.3888888888888899,-0.19760479041916174
774,10,10,2.0,2,1,7,0.2333333333333333,4,8,8,-0.3888888888888899,-0.20481927710843378
775,10,15,3.0,3,2,4,0.45999999999999985,4,6,12,-0.38888888888888845,-0.12299465240641708
776,10,11,2.2,2,1,6,0.1,4,7,9,0.1538461538461559,-0.11111111111111112
777,10,10,2.0,2,1,8,0.0,5,7,10,-0.11111111111111355,0.012345679012345623
778,10,9,1.8,1,1,9,0.0,5,8,9,-0.12499999999999775,-0.18248175182481752
779,10,10,2.0,2,1,5,0.0,3,5,10,-0.4285714285714284,-0.11111111111111115
780,10,10,2.0,2,1,7,0.2166666666666667,5,8,8,-0.35802469135802595,0.04191616766467066
781,10,10,2.0,2,1,8,0.16666666666666666,4,5,8,-0.11111111111111223,-0.19047619047619052
782,10,13,2.6,3,1,6,0.27999999999999997,4,7,10,0.10162601626016245,-0.11032028469750894
783,10,10,2.0,2,1,7,0.23333333333333334,5,8,9,-0.3888888888888899,-0.08433734939759037
784,10,13,2.6,2,1,5,0.33333333333333337,4,7,11,-0.04597701149425453,-0.1345454545454546
785,10,9,1.8,1,1,6,0.0,3,5,9,-0.6363636363636367,-0.05109489051094892
786,10,9,1.8,1,1,7,0.0,3,6,9,-0.4651162790697679,-0.051094890510948905
787,10,12,2.4,3,1,6,0.18333333333333332,4,7,10,0.15151515151515133,-0.15662650602409645
788,10,9,1.8,1,1,6,0.0,3,5,8,-0.5299999999999999,-0.11627906976744186
789,10,11,2.2,2,1,7,0.3,4,7,9,-0.03125000000000009,-0.16346153846153846
790,10,9,1.8,1,1,7,0.0,3,6,9,-0.636363636363637,-0.0909090909090909
791,10,10,2.0,2,1,8,0.16666666666666666,4,7,9,-0.11111111111111223,-0.034482758620689655
792,10,9,1.8,1,1,9,0.0,4,8,8,-0.12499999999999775,0.04545454545454542
793,10,12,2.4,2,1,5,0.3,4,6,11,-0.04347826086956842,-0.3031674208144796
794,10,10,2.0,2,1,7,0.0,4,7,10,0.16666666666666533,-0.09756097560975616
795,10,11,2.2,2,1,4,0.13333333333333336,4,6,10,-0.3933333333333332,-0.16908212560386476
796,10,9,1.8,1,1,9,0.0,4,7,9,-0.12499999999999775,-0.14893617021276595
797,10,11,2.2,2,1,7,0.1,4,7,9,0.4358974358974363,0.024630541871921166
798,10,11,2.2,2,1,6,0.3833333333333334,5,8,9,-0.3750000000000002,-0.1523809523809524
799,10,12,2.4,2,1,4,0.2866666666666667,4,7,11,-0.18867924528301977,-0.15283842794759828
800,10,10,2.0,2,1,6,0.15,4,7,9,-0.5238095238095235,-0.2048192771084337
801,10,15,3.0,3,1,4,0.13999999999999999,4,6,14,-0.4150943396226423,-0.07969151670951155
802,10,9,1.8,1,1,8,0.0,4,6,9,-0.3333333333333347,-0.19117647058823528
803,10,10,2.0,2,1,7,0.0,4,7,10,-0.3888888888888899,0.03614457831325301
804,10,9,1.8,1,1,6,0.0,4,6,9,-0.363636363636364,-0.25217391304347825
805,10,12,2.4,2,1,4,0.21666666666666665,4,7,10,-0.3407821229050273,-0.14782608695652172
806,10,11,2.2,2,1,5,0.0,4,7,9,0.15384615384615527,-0.18048780487804877
807,10,10,2.0,2,1,6,0.16666666666666666,3,5,9,-0.8095238095238106,-0.1042944785276074
808,10,9,1.8,1,1,9,0.0,4,6,8,-0.12499999999999775,0.038167938931297704
809,10,11,2.2,2,1,7,0.1,3,6,10,0.1538461538461559,-0.22222222222222224
810,10,10,2.0,2,1,6,0.16666666666666666,3,6,9,-0.562500000000003,-0.09090909090909097
811,10,12,2.4,2,1,6,0.4666666666666667,4,8,9,-0.04347826086956842,-0.2100840336134454
812,10,11,2.2,2,1,6,0.0,5,7,9,-0.29411764705882293,-0.0731707317073171
813,10,10,2.0,2,1,7,0.15,4,7,9,-0.17021276595744744,-0.12500000000000006
814,10,12,2.4,2,1,5,0.19999999999999998,4,7,10,0.11111111111111036,-0.004184100418410027
815,10,16,3.2,3,1,4,0.6133333333333334,3,6,12,-0.0789980732177264,-0.11627906976744186
816,10,9,1.8,1,1,7,0.0,4,7,8,-0.636363636363637,-0.07462686567164178
817,10,10,2.0,2,1,7,0.15,4,7,8,-0.38297872340425554,-0.15384615384615394
818,10,10,2.0,2,1,5,0.0,4,6,9,-0.5686274509803901,-0.2422360248447204
819,10,10,2.0,2,1,7,0.0,4,7,9,-0.11111111111111223,-0.17647058823529416
820,10,11,2.2,2,1,5,0.15,3,6,10,-0.3749999999999998,-0.058823529411764656
821,10,12,2.4,2,1,6,0.41666666666666663,4,6,10,-0.6969696969696969,-0.1383399209486166
822,10,12,2.4,3,1,6,0.16666666666666666,3,6,11,0.03030303030302809,-0.03448275862068967
823,10,10,2.0,2,1,7,0.16666666666666666,4,5,8,-0.5686274509803901,-0.058823529411764726
824,10,15,3.0,3,1,4,0.55,4,8,12,-0.009280742459396467,-0.1568123393316195
825,10,10,2.0,2,1,7,0.16666666666666666,3,5,8,-0.17647058823529554,-0.18343195266272194
826,10,20,4.0,4,1,4,0.518095238095238,5,9,16,-0.1600429645542422,-0.1046511627906977
827,10,9,1.8,1,1,8,0.0,3,6,7,-0.6666666666666665,-0.17391304347826086
828,10,10,2.0,2,1,7,0.15,3,6,8,-0.38297872340425554,-0.11801242236024853
829,10,19,3.8,3,1,4,0.47285714285714286,5,8,15,-0.16141356255969422,-0.1816693944353519
830,10,11,2.2,2,1,6,0.2333333333333333,4,6,9,-0.15238095238095126,-0.22842639593908626
831,10,9,1.8,1,1,8,0.0,4,7,9,-0.3333333333333347,-0.099236641221374
832,10,13,2.6,2,1,5,0.4533333333333334,5,7,10,-0.2500000000000001,-0.05263157894736847
833,10,10,2.0,2,1,7,0.0,4,8,10,0.16666666666666533,0.00621118012422354
834,10,9,1.8,1,1,9,0.0,5,7,8,-0.12499999999999775,-0.02439024390243906
835,10,12,2.4,2,1,4,0.07666666666666666,4,7,11,-0.060465116279069454,-0.20502092050209206
836,10,10,2.0,2,1,8,0.16666666666666666,4,7,9,0.16666666666666533,-0.19760479041916174
837,10,10,2.0,2,1,7,0.15,4,5,8,-0.17021276595744744,-0.1320754716981133
838,10,9,1.8,1,1,9,0.0,5,7,9,-0.12499999999999775,-0.11724137931034483
839,10,10,2.0,2,1,8,0.16666666666666666,4,7,9,-0.11111111111111223,-0.16279069767441864
840,10,17,3.4,4,1,3,0.2066666666666667,4,7,15,-0.330960854092527,-0.09930715935334886
841,10,13,2.6,2,1,4,0.19666666666666666,4,6,10,-0.2816901408450705,-0.1901408450704226
842,10,10,2.0,2,1,7,0.16666666666666666,4,6,8,-0.37254901960784753,-0.15606936416184972
843,10,11,2.2,2,1,6,0.15,4,7,9,0.08333333333333333,-0.15183246073298434
844,10,16,3.2,3,2,4,0.4033333333333333,4,6,13,0.20567375886524822,-0.10599078341013825
845,10,9,1.8,1,1,9,0.0,4,7,8,-0.12499999999999775,-0.18248175182481752
846,10,10,2.0,2,1,6,0.16666666666666666,3,5,9,-0.562500000000003,0.04191616766467066
847,10,9,1.8,1,1,8,0.0,4,7,9,-0.3333333333333347,0.1692307692307692
848,10,10,2.0,2,1,6,0.15,4,7,9,-0.4285714285714291,0.012345679012345791
849,10,15,3.0,3,1,3,0.0,4,7,15,-0.5463917525773206,-0.07969151670951155
850,10,13,2.6,2,1,4,0.38333333333333336,4,6,11,-0.3074712643678158,-0.0985915492957747
851,10,13,2.6,2,1,5,0.25,4,8,10,0.3696969696969693,-0.21702127659574466
852,10,10,2.0,2,1,8,0.16666666666666666,4,7,9,0.16666666666666533,-0.04651162790697675
853,10,9,1.8,1,1,7,0.0,3,5,9,-0.22727272727272738,-0.099236641221374
854,10,12,2.4,2,1,5,0.16666666666666666,4,7,11,-0.04347826086956842,-0.09543568464730288
855,10,10,2.0,2,1,6,0.14333333333333334,4,6,9,-0.37440758293838905,-0.16959064327485382
856,10,9,1.8,1,1,9,0.0,4,7,8,-0.12499999999999775,-0.26562499999999994
857,10,10,2.0,2,1,7,0.16666666666666666,4,6,9,-0.37254901960784753,-0.22699386503067492
858,10,10,2.0,2,1,4,0.0,4,7,9,-0.14285714285714382,-0.038961038961038995
859,10,10,2.0,2,1,6,0.0,4,7,9,-0.05263157894737167,-0.18343195266272194
860,10,10,2.0,2,1,5,0.0,3,5,9,-0.6666666666666674,-0.19760479041916174
861,10,11,2.2,2,1,7,0.16666666666666666,5,7,10,0.15384615384615527,-0.2222222222222222
862,10,11,2.2,2,1,6,0.0,4,8,10,0.15384615384615527,-0.14150943396226415
863,10,9,1.8,1,1,8,0.0,4,5,9,-0.3333333333333347,-0.1571428571428571
864,10,9,1.8,1,1,6,0.0,3,5,9,-0.22727272727272738,-0.10769230769230768
865,10,9,1.8,1,1,7,0.0,4,6,9,-0.4651162790697679,-0.17391304347826086
866,10,12,2.4,2,1,6,0.16666666666666666,4,6,11,-0.27659574468085,-0.26315789473684215
867,10,10,2.0,2,1,6,0.0,4,8,9,-0.05263157894737167,-0.2269938650306749
868,10,11,2.2,2,1,5,0.0,4,6,10,-0.1282051282051273,-0.07317073170731707
869,10,9,1.8,1,1,8,0.0,3,5,8,-0.6666666666666665,0.038167938931297704
870,10,9,1.8,1,1,7,0.0,4,5,9,0.0,-0.19008264462809912
871,10,10,2.0,2,1,8,0.0,4,7,10,-0.05263157894737167,0.17159763313609463
872,10,9,1.8,1,1,7,0.0,4,6,9,-0.4318181818181821,-0.0359712230215827
873,10,11,2.2,2,1,6,0.13333333333333333,3,6,10,-0.1956521739130433,-0.06280193236714975
874,10,10,2.0,2,1,8,0.16666666666666666,4,7,8,0.16666666666666533,-0.09756097560975607
875,10,12,2.4,2,1,5,0.23333333333333334,3,5,10,-0.2121212121212125,-0.18032786885245902
876,10,9,1.8,1,1,8,0.0,4,7,8,-0.3333333333333347,-0.208955223880597
877,10,9,1.8,1,1,9,0.0,4,6,8,-0.12499999999999775,-0.17073170731707313
878,10,9,1.8,1,1,8,0.0,5,8,9,-0.3333333333333347,-0.1571428571428571
879,10,9,1.8,1,1,8,0.0,4,6,8,-0.3333333333333347,-0.01408450704225352
880,10,9,1.8,1,1,8,0.0,4,6,8,-0.6666666666666665,-0.14285714285714285
881,10,10,2.0,2,1,7,0.1,5,6,9,0.21568627450980304,-0.04046242774566475
882,10,9,1.8,1,1,9,0.0,5,6,9,-0.12499999999999775,-0.14893617021276595
883,10,11,2.2,2,1,7,0.4,3,6,9,0.15384615384615527,-0.06796116504854369
884,10,15,3.0,3,1,4,0.45999999999999996,3,5,10,-0.15384615384615455,-0.08552631578947366
885,10,9,1.8,1,1,9,0.0,5,6,8,-0.12499999999999775,-0.08270676691729323
886,10,12,2.4,2,1,6,0.4,5,8,9,-0.09090909090909292,-0.20000000000000004
887,10,9,1.8,1,1,8,0.0,4,6,8,-0.3333333333333347,-0.17391304347826086
888,10,9,1.8,1,1,8,0.0,4,7,9,-0.6666666666666665,0.023255813953488372
889,10,11,2.2,2,1,7,0.16666666666666666,4,6,10,0.15384615384615527,-0.11675126903553297
890,10,9,1.8,1,1,9,0.0,5,8,8,-0.12499999999999775,0.023255813953488372
891,10,9,1.8,1,1,8,0.0,4,6,8,-0.3333333333333347,-0.208955223880597
892,10,10,2.0,2,1,7,0.0,5,8,9,0.16666666666666533,-0.012658227848101276
893,10,9,1.8,1,1,9,0.0,4,6,8,-0.12499999999999775,-0.008
894,10,10,2.0,2,1,4,0.0,3,4,9,-0.42180094786729727,-0.20481927710843378
895,10,12,2.4,3,1,5,0.32,4,6,10,-0.21985815602836914,-0.23076923076923078
896,10,10,2.0,2,1,7,0.0,4,6,9,-0.05263157894737167,0.006211180124223608
897,10,10,2.0,2,1,8,0.2333333333333333,4,7,9,-0.05263157894737167,-0.24223602484472054
898,10,9,1.8,1,1,6,0.0,3,5,9,-0.7272727272727275,0.060869565217391265
899,10,12,2.4,2,1,4,0.0,4,6,11,-0.3953488372093007,-0.08108108108108107
900,10,13,2.6,2,1,4,0.29666666666666663,3,5,11,-0.18750000000000017,-0.07586206896551724
901,10,13,2.6,2,1,6,0.42333333333333334,4,6,11,-0.06028368794326255,-0.14576271186440679
902,10,11,2.2,2,1,7,0.0,5,8,10,0.1538461538461559,-0.16908212560386476
903,10,10,2.0,2,1,7,0.16666666666666666,4,6,9,0.01960784313725423,-0.08433734939759041
904,10,15,3.0,3,1,5,0.36666666666666664,4,7,13,0.14285714285714285,-0.07142857142857142
905,10,9,1.8,1,1,8,0.0,5,8,9,-0.3333333333333347,-0.17391304347826086
906,10,12,2.4,2,1,5,0.16666666666666666,4,7,10,-0.03846153846153854,-0.11864406779661019
907,10,10,2.0,2,1,7,0.0,4,8,8,-0.3888888888888899,0.030303030303030266
908,10,10,2.0,2,1,8,0.16666666666666666,4,7,9,0.16666666666666533,-0.176470588235294
909,10,10,2.0,2,1,6,0.0,3,5,9,-0.2765957446808521,-0.1464968152866241
910,10,10,2.0,2,1,6,0.0,4,7,10,-0.6666666666666623,-0.14942528735632188
911,10,9,1.8,1,1,8,0.0,4,7,8,-0.6666666666666665,-0.19117647058823528
912,10,9,1.8,1,1,8,0.0,4,6,8,-0.6666666666666665,-0.08270676691729327
913,10,9,1.8,1,1,8,0.0,3,5,9,-0.6666666666666665,-0.22727272727272724
914,10,11,2.2,2,1,8,0.19999999999999998,5,8,10,0.5769230769230805,-0.08910891089108912
915,10,12,2.4,3,1,7,0.16666666666666666,4,7,11,-0.11428571428571455,-0.025641025641025685
916,10,9,1.8,1,1,9,0.0,4,6,7,-0.12499999999999775,-0.18248175182481752
917,10,11,2.2,2,1,3,0.27380952380952384,3,5,10,-0.6615104640582349,-0.17021276595744686
918,10,9,1.8,1,1,7,0.0,4,7,8,-0.22727272727272738,-0.18248175182481752
919,10,9,1.8,1,1,9,0.0,4,7,9,-0.12499999999999775,-0.13286713286713286
920,10,17,3.4,3,1,5,0.4333333333333333,4,8,14,0.027729636048527163,-0.21158129175946558
921,10,9,1.8,1,1,7,0.0,3,5,9,-0.636363636363637,-0.1654676258992806
922,10,12,2.4,3,1,6,0.15333333333333332,4,6,11,-0.1666666666666663,-0.15789473684210534
923,10,9,1.8,1,1,8,0.0,4,7,8,-0.3333333333333347,-0.2558139534883721
924,10,9,1.8,1,1,9,0.0,4,8,8,-0.12499999999999775,-0.13286713286713286
925,10,10,2.0,2,1,6,0.0,4,6,10,-0.37254901960784753,-0.16279069767441862
926,10,9,1.8,1,1,8,0.0,4,7,7,-0.3333333333333347,-0.10769230769230768
927,10,13,2.6,2,1,4,0.16999999999999998,4,7,11,-0.10740740740740742,-0.13868613138686134
928,10,11,2.2,2,1,6,0.4,4,7,9,-0.05769230769230891,-0.11111111111111108
929,10,12,2.4,2,1,5,0.12666666666666668,3,6,11,-0.2857142857142849,-0.26315789473684204
930,10,11,2.2,2,1,6,0.22000000000000003,4,7,9,-0.17129629629629647,-0.07317073170731707
931,10,9,1.8,1,1,5,0.0,2,3,8,-0.6904761904761907,-0.20895522388059704
932,10,10,2.0,2,1,8,0.16666666666666666,5,7,9,0.16666666666666533,-0.14942528735632188
933,10,10,2.0,2,1,6,0.0,4,6,9,-0.17647058823529554,-0.2195121951219512
934,10,11,2.2,2,1,6,0.13333333333333336,5,8,8,-0.1956521739130433,-0.21608040201005038
935,10,9,1.8,1,1,9,0.0,5,6,8,-0.12499999999999775,-0.06666666666666667
936,10,15,3.0,3,1,4,0.2833333333333333,4,6,12,-0.3339920948616603,-0.1260053619302949
937,10,10,2.0,2,1,7,0.0,4,8,9,-0.05263157894737167,-0.14285714285714285
938,10,13,2.6,3,1,6,0.5166666666666666,4,6,10,0.10344827586206719,-0.09473684210526319
939,10,10,2.0,2,1,7,0.16666666666666666,4,6,8,-0.17647058823529554,-0.08433734939759041
940,10,9,1.8,1,1,9,0.0,4,7,9,-0.12499999999999775,-0.06666666666666667
941,10,9,1.8,1,1,9,0.0,5,8,8,-0.12499999999999775,-0.03597122302158273
942,10,9,1.8,1,1,7,0.0,4,6,9,0.0,-0.11627906976744186
943,10,9,1.8,1,1,7,0.0,3,5,9,-0.4651162790697679,-0.19117647058823534
944,10,15,3.0,3,1,5,0.12666666666666668,5,8,14,-0.025641025641025873,-0.11702127659574468
945,10,10,2.0,2,1,8,0.16666666666666666,4,7,9,0.16666666666666533,-0.17647058823529416
946,10,10,2.0,2,1,5,0.21000000000000002,3,5,8,-0.42180094786729727,-0.18343195266272194
947,10,10,2.0,2,1,8,0.2333333333333333,4,7,8,-0.05263157894737167,-0.06508875739644973
948,10,15,3.0,4,1,3,0.06666666666666667,4,6,13,-0.53846153846154,-0.1811023622047244
949,10,9,1.8,1,1,8,0.0,4,6,8,-0.3333333333333347,-0.125
950,10,9,1.8,1,1,8,0.0,3,5,8,-0.3333333333333347,-0.24615384615384628
951,10,13,2.6,3,1,6,0.33999999999999997,5,8,10,0.25102880658436244,-0.19858156028368795
952,10,9,1.8,1,1,7,0.0,4,6,9,-0.4651162790697679,-0.043478260869565216
953,10,12,2.4,3,1,5,0.0,4,7,11,-0.27659574468085,-0.18032786885245908
954,10,9,1.8,1,1,7,0.0,3,4,9,-0.636363636363637,-0.14893617021276595
955,10,10,2.0,2,1,8,0.16666666666666666,5,8,9,0.16666666666666533,-0.19760479041916174
956,10,12,2.4,3,1,5,0.0,3,5,12,-0.2692307692307683,-0.0731707317073171
957,10,11,2.2,2,1,6,0.08333333333333333,5,8,10,-0.031249999999999264,-0.1523809523809524
958,10,9,1.8,1,1,9,0.0,4,6,8,-0.12499999999999775,-0.16546762589928055
959,10,10,2.0,2,1,7,0.15,3,6,9,-0.17021276595744744,-0.2269938650306749
960,10,9,1.8,1,1,9,0.0,4,6,8,-0.12499999999999775,-0.035971223021582746
961,10,15,3.0,4,1,4,0.0,4,8,15,-0.12781954887218278,-0.08333333333333331
962,10,10,2.0,2,1,7,0.0,4,6,10,-0.6666666666666623,-0.04651162790697675
963,10,9,1.8,1,1,7,0.0,3,5,8,-0.8409090909090922,-0.20000000000000004
964,10,10,2.0,2,1,7,0.16666666666666666,3,6,9,-0.5686274509803901,0.04191616766467063
965,10,10,2.0,2,1,6,0.16666666666666666,3,6,9,-0.7142857142857152,-0.18343195266272194
966,10,9,1.8,1,1,9,0.0,5,8,7,-0.12499999999999775,-0.14893617021276595
967,10,9,1.8,1,1,8,0.0,5,7,8,-0.3333333333333347,-0.16129032258064513
968,10,12,2.4,2,1,6,0.13333333333333333,4,6,11,-0.028571428571428584,-0.14741035856573703
969,10,11,2.2,2,1,7,0.16666666666666666,5,7,10,0.15384615384615527,-0.1523809523809524
970,10,12,2.4,2,1,4,0.08333333333333333,5,8,10,-0.2121212121212125,-0.06882591093117411
971,10,13,2.6,2,1,4,0.41666666666666663,4,7,10,-0.2307692307692314,-0.11827956989247312
972,10,9,1.8,1,1,8,0.0,4,7,9,-0.3333333333333347,-0.028571428571428567
973,10,10,2.0,2,1,6,0.0,4,7,10,-0.3888888888888899,-0.05263157894736836
974,10,9,1.8,1,1,6,0.0,4,7,8,-0.4318181818181819,0.007874015748031461
975,10,10,2.0,2,1,7,0.2166666666666667,4,7,9,-0.35802469135802595,-0.19760479041916174
976,10,11,2.2,2,1,6,0.0,4,6,10,-0.3968253968253999,-0.14691943127962087
977,10,15,3.0,3,1,5,0.33333333333333337,4,7,12,0.14285714285714307,-0.09243697478991585
978,10,9,1.8,1,1,8,0.0,5,6,7,-0.3333333333333347,-0.07462686567164178
979,10,13,2.6,2,1,6,0.38333333333333336,3,5,11,-0.20930232558139475,-0.16551724137931037
980,10,10,2.0,2,1,6,0.0,4,6,9,-0.17647058823529554,-0.18343195266272194
981,10,12,2.4,2,1,6,0.4666666666666667,3,6,9,-0.1739130434782643,-0.24137931034482757
982,10,9,1.8,1,1,9,0.0,4,7,8,-0.12499999999999775,-0.03597122302158273
983,10,11,2.2,2,1,7,0.18333333333333332,4,6,10,0.057142857142856926,-0.09452736318407962
984,10,10,2.0,2,1,7,0.0,4,7,9,-0.3888888888888899,0.047619047619047596
985,10,9,1.8,1,1,8,0.0,4,6,9,-0.3333333333333347,0.038167938931297704
986,10,9,1.8,1,1,6,0.0,4,7,8,-0.6363636363636367,-0.058823529411764705
987,10,9,1.8,1,1,7,0.0,3,6,9,-0.6744186046511633,-0.1571428571428571
988,10,11,2.2,2,1,6,0.0,5,8,11,-0.035294117647058476,-0.1921182266009852
989,10,9,1.8,1,1,7,0.0,4,6,9,-0.636363636363637,-0.0909090909090909
990,10,11,2.2,2,1,4,0.2166666666666667,4,6,10,-0.28965517241379285,-0.035294117647058865
991,10,12,2.4,2,1,4,0.26333333333333336,3,6,9,-0.47008547008547036,-0.16599190283400814
992,10,9,1.8,1,1,8,0.0,4,6,9,-0.3333333333333347,-0.10769230769230768
993,10,12,2.4,2,1,5,0.16666666666666666,5,8,11,-0.434782608695654,-0.1383399209486166
994,10,11,2.2,2,1,6,0.1,4,6,9,0.1538461538461559,-0.16908212560386476
995,10,9,1.8,1,1,8,0.0,4,7,8,-0.3333333333333347,-0.1571428571428571
996,10,10,2.0,2,1,7,0.15,4,6,9,-0.17021276595744744,0.14634146341463414
997,10,10,2.0,2,1,8,0.16666666666666666,4,8,8,-0.11111111111111223,-0.07142857142857147
998,10,9,1.8,1,1,9,0.0,4,6,9,-0.12499999999999775,-0.11627906976744189
999,10,12,2.4,2,1,5,0.4,4,7,10,-0.27659574468085,-0.19008264462809918
1000,10,9,1.8,1,1,8,0.0,4,8,9,-0.6666666666666665,-0.17391304347826086
